thisRow.t,notes,block_sign,block_pressure,comp_m,rt,chose_delayed,max_deviation,raw_trajectory,participant,age,gender,
,,loss,no_pressure,50,1.0642123001161963,False,0.05850304981457674,"-0.015,-0.379;-0.015,-0.379;-0.015,-0.379;-0.015,-0.379;-0.015,-0.379;-0.015,-0.379;-0.015,-0.379;-0.015,-0.379;-0.015,-0.379;-0.015,-0.379;-0.015,-0.379;-0.015,-0.379;-0.015,-0.379;-0.015,-0.379;-0.015,-0.379;-0.015,-0.379;-0.015,-0.379;-0.015,-0.379;-0.015,-0.379;-0.015,-0.379;-0.015,-0.379;-0.015,-0.379;-0.015,-0.379;-0.015,-0.379;-0.015,-0.379;-0.015,-0.379;-0.015,-0.379;-0.015,-0.379;-0.015,-0.379;-0.015,-0.379;-0.015,-0.379;-0.015,-0.379;-0.015,-0.379;-0.015,-0.379;-0.015,-0.379;-0.014,-0.377;-0.013,-0.372;-0.013,-0.353;-0.021,-0.317;-0.060,-0.221;-0.103,-0.138;-0.144,-0.070;-0.175,-0.014;-0.202,0.033;-0.232,0.091;-0.243,0.117;-0.250,0.133;-0.253,0.141;-0.254,0.148;-0.254,0.150;-0.254,0.150;-0.254,0.151;-0.257,0.157;-0.266,0.168;-0.272,0.176;-0.276,0.182;-0.278,0.187;-0.280,0.189;-0.281,0.192;-0.283,0.198;-0.287,0.208;-0.292,0.223;-0.294,0.229;-0.294,0.232;-0.294,0.232",416555,20,F,
,,loss,no_pressure,75,6.378856800030917,False,0.07566118809941723,"0.001,-0.387;0.001,-0.387;0.001,-0.387;0.001,-0.387;0.001,-0.387;0.001,-0.387;0.001,-0.387;0.001,-0.387;0.001,-0.387;0.001,-0.387;0.001,-0.387;0.001,-0.387;0.001,-0.387;0.001,-0.387;0.001,-0.387;0.001,-0.387;0.001,-0.387;0.001,-0.387;0.001,-0.387;0.001,-0.387;0.001,-0.387;0.001,-0.387;0.001,-0.387;0.001,-0.387;0.001,-0.387;0.001,-0.387;0.001,-0.387;0.001,-0.387;0.001,-0.387;0.001,-0.387;0.001,-0.387;0.001,-0.387;0.001,-0.387;0.001,-0.387;0.001,-0.387;0.001,-0.387;0.001,-0.387;0.001,-0.387;0.001,-0.387;0.001,-0.387;0.001,-0.387;0.001,-0.387;0.001,-0.387;0.001,-0.387;0.001,-0.387;0.001,-0.387;0.001,-0.387;0.001,-0.387;0.001,-0.387;0.001,-0.387;0.001,-0.387;0.001,-0.387;0.001,-0.387;0.001,-0.387;0.001,-0.387;0.001,-0.387;0.001,-0.387;0.001,-0.387;0.001,-0.387;0.001,-0.387;0.001,-0.387;0.001,-0.387;0.001,-0.387;0.001,-0.387;0.001,-0.387;0.001,-0.387;0.001,-0.387;0.001,-0.387;0.001,-0.387;0.001,-0.387;0.001,-0.387;0.001,-0.387;0.001,-0.387;0.001,-0.387;0.001,-0.387;0.001,-0.387;0.001,-0.387;0.001,-0.387;0.001,-0.387;0.001,-0.387;0.001,-0.387;0.001,-0.387;0.001,-0.387;0.001,-0.387;0.001,-0.387;0.001,-0.387;0.001,-0.387;0.001,-0.387;0.001,-0.387;-0.001,-0.384;-0.001,-0.384;-0.001,-0.384;-0.001,-0.384;-0.001,-0.384;-0.001,-0.384;-0.001,-0.384;-0.002,-0.384;-0.002,-0.383;-0.003,-0.380;-0.003,-0.380;-0.003,-0.380;-0.003,-0.380;-0.003,-0.380;-0.003,-0.380;-0.003,-0.380;-0.003,-0.380;-0.003,-0.380;-0.003,-0.380;-0.003,-0.380;-0.003,-0.380;-0.003,-0.380;-0.003,-0.380;-0.003,-0.380;-0.003,-0.380;-0.003,-0.380;-0.003,-0.380;-0.003,-0.380;-0.003,-0.380;-0.003,-0.380;-0.003,-0.380;-0.003,-0.380;-0.003,-0.380;-0.003,-0.380;-0.003,-0.380;-0.003,-0.380;-0.003,-0.380;-0.003,-0.380;-0.003,-0.380;-0.003,-0.380;-0.003,-0.380;-0.003,-0.380;-0.003,-0.380;-0.003,-0.380;-0.003,-0.380;-0.003,-0.380;-0.003,-0.380;-0.003,-0.380;-0.003,-0.380;-0.003,-0.380;-0.003,-0.380;-0.003,-0.380;-0.003,-0.380;-0.003,-0.380;-0.003,-0.380;-0.003,-0.380;-0.003,-0.380;-0.003,-0.380;-0.003,-0.380;-0.003,-0.380;-0.003,-0.380;-0.003,-0.380;-0.003,-0.380;-0.003,-0.380;-0.003,-0.380;-0.003,-0.380;-0.003,-0.380;-0.003,-0.380;-0.003,-0.380;-0.003,-0.380;-0.003,-0.380;-0.003,-0.380;-0.003,-0.380;-0.003,-0.380;-0.003,-0.380;-0.003,-0.380;-0.003,-0.380;-0.003,-0.380;-0.003,-0.380;-0.003,-0.380;-0.003,-0.380;-0.003,-0.380;-0.003,-0.380;-0.003,-0.380;-0.003,-0.380;-0.003,-0.380;-0.003,-0.380;-0.003,-0.380;-0.003,-0.380;-0.003,-0.380;-0.003,-0.380;-0.003,-0.380;-0.003,-0.380;-0.003,-0.380;-0.003,-0.380;-0.003,-0.380;-0.003,-0.380;-0.003,-0.380;-0.003,-0.380;-0.003,-0.380;-0.003,-0.380;-0.003,-0.380;-0.003,-0.380;-0.003,-0.380;-0.003,-0.380;-0.003,-0.380;-0.003,-0.380;-0.003,-0.380;-0.003,-0.380;-0.003,-0.380;-0.003,-0.380;-0.003,-0.380;-0.003,-0.380;-0.003,-0.380;-0.003,-0.380;-0.003,-0.380;-0.003,-0.380;-0.003,-0.380;-0.003,-0.380;-0.003,-0.380;-0.003,-0.380;-0.003,-0.380;-0.003,-0.380;-0.003,-0.380;-0.003,-0.380;-0.003,-0.380;-0.003,-0.380;-0.003,-0.380;-0.003,-0.380;-0.003,-0.380;-0.003,-0.380;-0.003,-0.380;-0.003,-0.380;-0.003,-0.380;-0.003,-0.379;-0.002,-0.373;0.008,-0.350;0.023,-0.324;0.044,-0.292;0.056,-0.273;0.067,-0.253;0.076,-0.234;0.083,-0.217;0.094,-0.186;0.104,-0.161;0.117,-0.135;0.133,-0.110;0.154,-0.073;0.169,-0.049;0.185,-0.032;0.199,-0.016;0.217,0.007;0.227,0.022;0.237,0.038;0.246,0.053;0.250,0.064;0.251,0.078;0.251,0.084;0.251,0.089;0.251,0.092;0.251,0.093;0.251,0.093;0.251,0.096;0.249,0.101;0.249,0.106;0.248,0.117;0.248,0.124;0.248,0.130;0.248,0.137;0.248,0.146;0.249,0.159;0.251,0.168;0.252,0.173;0.253,0.178;0.254,0.187;0.256,0.193;0.256,0.197;0.257,0.201;0.257,0.202;0.257,0.202;0.257,0.202;0.257,0.202;0.257,0.202;0.257,0.202;0.257,0.202;0.257,0.202;0.257,0.202;0.257,0.202;0.257,0.202;0.257,0.202;0.257,0.202;0.257,0.202;0.257,0.202;0.257,0.202;0.257,0.202;0.257,0.202;0.257,0.202;0.257,0.202;0.257,0.202;0.257,0.202;0.257,0.202;0.257,0.202;0.257,0.202;0.257,0.202;0.257,0.202;0.257,0.202;0.257,0.202;0.257,0.202;0.257,0.202;0.257,0.202;0.257,0.202;0.257,0.202;0.257,0.202;0.257,0.202;0.257,0.202;0.257,0.202;0.257,0.202;0.257,0.202;0.257,0.202;0.257,0.202;0.257,0.202;0.257,0.202;0.257,0.202;0.257,0.202;0.257,0.202;0.257,0.202;0.257,0.202;0.257,0.202;0.257,0.202;0.257,0.202;0.257,0.202;0.257,0.202;0.257,0.202;0.257,0.202;0.257,0.202;0.257,0.202;0.257,0.202;0.257,0.202;0.257,0.202;0.257,0.202;0.257,0.202;0.257,0.202;0.257,0.202;0.257,0.202;0.257,0.202;0.257,0.202;0.257,0.202;0.257,0.202;0.257,0.202;0.257,0.202;0.257,0.202;0.257,0.202;0.257,0.202;0.257,0.202;0.257,0.202;0.257,0.202;0.257,0.202;0.257,0.202;0.257,0.202;0.257,0.202;0.257,0.202;0.257,0.202;0.257,0.202;0.257,0.202;0.257,0.202;0.257,0.202;0.257,0.202;0.257,0.202;0.257,0.202;0.257,0.202;0.257,0.202;0.257,0.202;0.257,0.202;0.257,0.202;0.257,0.202;0.257,0.202;0.257,0.202;0.257,0.202;0.257,0.202;0.257,0.202;0.257,0.202;0.257,0.202;0.257,0.202;0.257,0.202;0.257,0.202;0.257,0.202;0.257,0.202;0.257,0.202;0.257,0.202;0.257,0.202;0.257,0.202;0.257,0.202;0.257,0.202;0.257,0.202;0.257,0.202",416555,20,F,
,,loss,no_pressure,99,7.55046320008114,True,0.4991019903497983,"-0.032,-0.407;-0.032,-0.407;-0.032,-0.407;-0.032,-0.407;-0.032,-0.407;-0.032,-0.407;-0.032,-0.407;-0.032,-0.407;-0.032,-0.407;-0.032,-0.407;-0.032,-0.407;-0.032,-0.407;-0.032,-0.407;-0.032,-0.407;-0.032,-0.407;-0.032,-0.407;-0.032,-0.407;-0.032,-0.407;-0.032,-0.407;-0.032,-0.407;-0.032,-0.407;-0.038,-0.407;-0.041,-0.407;-0.040,-0.407;-0.034,-0.416;-0.031,-0.441;-0.029,-0.469;-0.029,-0.478;-0.029,-0.479;-0.029,-0.479;-0.029,-0.479;-0.029,-0.479;-0.029,-0.479;-0.029,-0.479;-0.029,-0.479;-0.029,-0.479;-0.029,-0.479;-0.029,-0.479;-0.029,-0.479;-0.029,-0.479;-0.029,-0.479;-0.029,-0.479;-0.029,-0.479;-0.029,-0.479;-0.029,-0.479;-0.029,-0.479;-0.029,-0.479;-0.029,-0.479;-0.029,-0.479;-0.029,-0.479;-0.029,-0.479;-0.029,-0.479;-0.029,-0.479;-0.029,-0.479;-0.029,-0.479;-0.029,-0.479;-0.029,-0.479;-0.029,-0.479;-0.028,-0.479;-0.028,-0.479;-0.029,-0.479;-0.029,-0.479;-0.029,-0.479;-0.029,-0.479;-0.029,-0.479;-0.029,-0.479;-0.029,-0.479;-0.029,-0.479;-0.029,-0.479;-0.029,-0.479;-0.029,-0.479;-0.029,-0.479;-0.029,-0.479;-0.029,-0.479;-0.029,-0.479;-0.029,-0.479;-0.029,-0.479;-0.029,-0.479;-0.029,-0.479;-0.029,-0.479;-0.029,-0.479;-0.029,-0.479;-0.029,-0.479;-0.029,-0.479;-0.029,-0.479;-0.029,-0.479;-0.029,-0.479;-0.029,-0.479;-0.029,-0.479;-0.029,-0.479;-0.029,-0.479;-0.029,-0.479;-0.029,-0.479;-0.029,-0.479;-0.029,-0.479;-0.029,-0.479;-0.029,-0.479;-0.029,-0.479;-0.029,-0.479;-0.029,-0.479;-0.029,-0.479;-0.029,-0.479;-0.029,-0.479;-0.029,-0.479;-0.029,-0.479;-0.029,-0.479;-0.029,-0.479;-0.029,-0.479;-0.029,-0.479;-0.029,-0.479;-0.029,-0.479;-0.029,-0.479;-0.029,-0.479;-0.029,-0.479;-0.029,-0.479;-0.029,-0.479;-0.030,-0.479;-0.032,-0.481;-0.034,-0.485;-0.036,-0.488;-0.037,-0.489;-0.038,-0.490;-0.039,-0.490;-0.041,-0.483;-0.038,-0.468;-0.037,-0.458;-0.038,-0.454;-0.044,-0.450;-0.053,-0.438;-0.058,-0.424;-0.062,-0.402;-0.066,-0.369;-0.079,-0.293;-0.094,-0.225;-0.108,-0.154;-0.122,-0.083;-0.131,-0.011;-0.147,0.082;-0.156,0.123;-0.162,0.149;-0.168,0.168;-0.178,0.190;-0.186,0.204;-0.194,0.218;-0.203,0.227;-0.209,0.234;-0.212,0.236;-0.212,0.236;-0.212,0.236;-0.212,0.236;-0.212,0.236;-0.212,0.236;-0.212,0.236;-0.212,0.236;-0.212,0.236;-0.212,0.236;-0.212,0.236;-0.212,0.236;-0.212,0.236;-0.212,0.236;-0.212,0.236;-0.212,0.236;-0.212,0.236;-0.212,0.236;-0.212,0.236;-0.212,0.236;-0.212,0.236;-0.212,0.236;-0.212,0.236;-0.212,0.236;-0.212,0.236;-0.212,0.236;-0.212,0.236;-0.212,0.236;-0.212,0.236;-0.212,0.236;-0.212,0.236;-0.212,0.236;-0.212,0.236;-0.212,0.236;-0.212,0.236;-0.212,0.236;-0.212,0.236;-0.212,0.236;-0.212,0.236;-0.212,0.236;-0.212,0.236;-0.212,0.236;-0.212,0.236;-0.212,0.236;-0.212,0.236;-0.212,0.236;-0.212,0.236;-0.212,0.236;-0.212,0.236;-0.212,0.236;-0.212,0.236;-0.212,0.236;-0.212,0.236;-0.212,0.236;-0.212,0.236;-0.212,0.236;-0.212,0.236;-0.212,0.236;-0.212,0.236;-0.212,0.236;-0.212,0.236;-0.212,0.236;-0.212,0.236;-0.212,0.236;-0.212,0.236;-0.212,0.236;-0.212,0.236;-0.212,0.236;-0.212,0.236;-0.212,0.236;-0.212,0.236;-0.212,0.236;-0.212,0.236;-0.212,0.236;-0.212,0.236;-0.212,0.236;-0.212,0.236;-0.212,0.236;-0.212,0.236;-0.212,0.236;-0.212,0.236;-0.212,0.236;-0.212,0.236;-0.212,0.236;-0.212,0.236;-0.212,0.236;-0.212,0.236;-0.212,0.236;-0.212,0.236;-0.212,0.236;-0.212,0.236;-0.212,0.236;-0.212,0.236;-0.212,0.236;-0.212,0.236;-0.212,0.236;-0.212,0.236;-0.212,0.236;-0.212,0.236;-0.212,0.236;-0.212,0.236;-0.212,0.236;-0.212,0.236;-0.212,0.236;-0.212,0.236;-0.212,0.236;-0.212,0.236;-0.212,0.236;-0.212,0.236;-0.212,0.236;-0.212,0.236;-0.212,0.236;-0.212,0.236;-0.212,0.236;-0.212,0.236;-0.212,0.236;-0.212,0.236;-0.212,0.236;-0.212,0.236;-0.212,0.236;-0.212,0.236;-0.212,0.236;-0.212,0.236;-0.212,0.236;-0.212,0.236;-0.212,0.236;-0.212,0.236;-0.212,0.236;-0.212,0.236;-0.212,0.236;-0.212,0.236;-0.212,0.236;-0.212,0.236;-0.212,0.236;-0.212,0.236;-0.212,0.236;-0.212,0.236;-0.212,0.236;-0.212,0.236;-0.212,0.236;-0.212,0.236;-0.212,0.236;-0.212,0.236;-0.212,0.236;-0.212,0.236;-0.212,0.236;-0.212,0.236;-0.212,0.236;-0.212,0.236;-0.212,0.236;-0.212,0.236;-0.212,0.236;-0.212,0.236;-0.212,0.236;-0.212,0.236;-0.212,0.236;-0.212,0.236;-0.212,0.236;-0.212,0.236;-0.212,0.236;-0.212,0.236;-0.212,0.236;-0.212,0.236;-0.212,0.236;-0.212,0.236;-0.212,0.236;-0.212,0.236;-0.212,0.236;-0.211,0.236;-0.211,0.236;-0.211,0.236;-0.210,0.236;-0.210,0.236;-0.210,0.236;-0.210,0.236;-0.210,0.236;-0.210,0.236;-0.210,0.236;-0.210,0.236;-0.206,0.233;-0.202,0.232;-0.197,0.230;-0.194,0.229;-0.192,0.228;-0.189,0.227;-0.188,0.226;-0.187,0.226;-0.187,0.225;-0.187,0.225;-0.187,0.225;-0.187,0.225;-0.187,0.225;-0.187,0.225;-0.184,0.224;-0.182,0.224;-0.182,0.223;-0.181,0.223;-0.181,0.223;-0.180,0.223;-0.180,0.223;-0.180,0.223;-0.180,0.223;-0.180,0.223;-0.180,0.223;-0.180,0.223;-0.180,0.223;-0.180,0.223;-0.180,0.223;-0.180,0.223;-0.180,0.223;-0.180,0.223;-0.180,0.223;-0.180,0.223;-0.180,0.223;-0.180,0.223;-0.180,0.223;-0.180,0.223;-0.180,0.223;-0.180,0.223;-0.180,0.223;-0.180,0.223;-0.178,0.223;-0.174,0.223;-0.169,0.223;-0.168,0.223;-0.167,0.223;-0.165,0.223;-0.161,0.223;-0.157,0.223;-0.151,0.223;-0.147,0.223;-0.142,0.223;-0.137,0.223;-0.129,0.224;-0.124,0.224;-0.120,0.225;-0.114,0.226;-0.106,0.228;-0.099,0.228;-0.093,0.230;-0.087,0.231;-0.083,0.231;-0.082,0.231;-0.081,0.231;-0.081,0.231;-0.081,0.231;-0.081,0.231;-0.081,0.231;-0.081,0.231;-0.081,0.231;-0.081,0.231;-0.081,0.231;-0.081,0.231;-0.081,0.231;-0.081,0.231;-0.080,0.231;-0.079,0.231;-0.079,0.231;-0.079,0.231;-0.079,0.231;-0.079,0.231;-0.079,0.231;-0.079,0.231;-0.079,0.231;-0.079,0.231;-0.079,0.231;-0.079,0.231;-0.079,0.231;-0.079,0.231;-0.079,0.231;-0.079,0.231;-0.079,0.231;-0.079,0.231;-0.079,0.231;-0.079,0.231;-0.079,0.231;-0.079,0.231;-0.079,0.231;-0.076,0.232;-0.074,0.232;-0.073,0.232;-0.071,0.232;-0.070,0.232;-0.069,0.232;-0.069,0.232;-0.068,0.232;-0.065,0.232;-0.061,0.232;-0.057,0.233;-0.050,0.234;-0.038,0.235;-0.020,0.235;0.014,0.237;0.042,0.237;0.073,0.238;0.121,0.238;0.153,0.238;0.182,0.239;0.207,0.241;0.226,0.246;0.239,0.252;0.241,0.253;0.241,0.253;0.241,0.253;0.241,0.253;0.241,0.253;0.241,0.253;0.241,0.253",416555,20,F,
,,loss,no_pressure,86.5,2.615960899973288,False,0.5476133532113554,"0.002,-0.430;0.002,-0.430;0.002,-0.430;0.002,-0.430;0.002,-0.430;0.002,-0.430;0.002,-0.430;0.002,-0.430;0.002,-0.430;0.002,-0.430;0.002,-0.430;0.002,-0.430;0.002,-0.430;0.002,-0.430;0.002,-0.430;0.002,-0.430;0.002,-0.430;0.002,-0.430;0.002,-0.430;0.002,-0.430;0.002,-0.430;0.002,-0.430;0.002,-0.430;0.002,-0.430;0.002,-0.430;0.002,-0.430;0.002,-0.430;0.002,-0.430;0.002,-0.430;0.002,-0.430;0.002,-0.430;0.002,-0.430;0.002,-0.430;0.002,-0.430;0.002,-0.430;0.002,-0.430;0.002,-0.430;0.002,-0.430;0.002,-0.430;0.002,-0.430;0.002,-0.430;0.002,-0.430;0.002,-0.430;0.002,-0.427;0.003,-0.422;0.003,-0.417;0.005,-0.411;0.009,-0.398;0.012,-0.387;0.018,-0.375;0.024,-0.362;0.027,-0.352;0.031,-0.339;0.033,-0.331;0.034,-0.323;0.036,-0.317;0.040,-0.299;0.043,-0.282;0.047,-0.261;0.054,-0.218;0.058,-0.203;0.079,-0.129;0.101,-0.065;0.124,-0.006;0.147,0.048;0.177,0.111;0.194,0.140;0.208,0.162;0.218,0.177;0.225,0.185;0.228,0.189;0.229,0.191;0.231,0.193;0.234,0.197;0.239,0.203;0.243,0.208;0.247,0.212;0.249,0.216;0.253,0.221;0.259,0.229;0.261,0.234;0.263,0.238;0.264,0.240;0.265,0.240;0.265,0.240;0.265,0.240;0.265,0.240;0.265,0.240;0.265,0.240;0.265,0.240;0.265,0.240;0.265,0.240;0.265,0.240;0.265,0.240;0.265,0.240;0.265,0.240;0.265,0.240;0.264,0.239;0.264,0.238;0.263,0.237;0.263,0.237;0.263,0.236;0.262,0.236;0.262,0.235;0.260,0.234;0.259,0.233;0.259,0.233;0.259,0.233;0.259,0.233;0.259,0.233;0.258,0.233;0.254,0.233;0.247,0.233;0.232,0.233;0.224,0.234;0.202,0.235;0.181,0.237;0.152,0.242;0.067,0.258;-0.009,0.271;-0.083,0.286;-0.151,0.299;-0.229,0.314;-0.264,0.318;-0.288,0.322;-0.302,0.323;-0.307,0.323;-0.308,0.323;-0.308,0.323;-0.308,0.323;-0.308,0.323;-0.308,0.323;-0.308,0.323;-0.308,0.323;-0.308,0.323;-0.308,0.323;-0.308,0.323;-0.308,0.323;-0.308,0.322;-0.308,0.322;-0.308,0.322;-0.308,0.322;-0.308,0.321;-0.308,0.319;-0.306,0.316;-0.302,0.309;-0.301,0.304;-0.299,0.301;-0.298,0.298;-0.296,0.296;-0.295,0.295;-0.294,0.293;-0.293,0.291;-0.292,0.289;-0.291,0.287;-0.291,0.287;-0.291,0.287;-0.291,0.287",416555,20,F,
,,loss,no_pressure,92.75,2.5331501998007298,False,0.10921947462438635,"-0.041,-0.413;-0.041,-0.413;-0.041,-0.413;-0.041,-0.413;-0.041,-0.413;-0.041,-0.413;-0.041,-0.413;-0.041,-0.413;-0.041,-0.413;-0.041,-0.413;-0.041,-0.413;-0.041,-0.413;-0.041,-0.413;-0.041,-0.413;-0.041,-0.413;-0.041,-0.413;-0.041,-0.413;-0.041,-0.413;-0.041,-0.413;-0.041,-0.413;-0.041,-0.413;-0.041,-0.413;-0.041,-0.413;-0.041,-0.413;-0.041,-0.413;-0.041,-0.413;-0.041,-0.413;-0.041,-0.413;-0.041,-0.413;-0.041,-0.413;-0.041,-0.413;-0.041,-0.413;-0.041,-0.413;-0.041,-0.413;-0.041,-0.413;-0.041,-0.413;-0.041,-0.413;-0.041,-0.411;-0.041,-0.404;-0.041,-0.402;-0.042,-0.401;-0.042,-0.399;-0.042,-0.398;-0.042,-0.398;-0.042,-0.398;-0.042,-0.398;-0.042,-0.398;-0.042,-0.398;-0.042,-0.398;-0.042,-0.398;-0.042,-0.398;-0.042,-0.398;-0.042,-0.398;-0.042,-0.398;-0.043,-0.398;-0.043,-0.397;-0.045,-0.396;-0.046,-0.394;-0.047,-0.393;-0.050,-0.391;-0.052,-0.388;-0.054,-0.387;-0.057,-0.385;-0.060,-0.383;-0.061,-0.382;-0.063,-0.381;-0.066,-0.379;-0.067,-0.378;-0.068,-0.378;-0.072,-0.375;-0.074,-0.373;-0.076,-0.371;-0.078,-0.371;-0.079,-0.369;-0.081,-0.368;-0.082,-0.367;-0.082,-0.366;-0.083,-0.361;-0.083,-0.356;-0.083,-0.350;-0.083,-0.345;-0.083,-0.342;-0.083,-0.339;-0.083,-0.339;-0.083,-0.339;-0.082,-0.339;-0.082,-0.339;-0.082,-0.339;-0.082,-0.339;-0.082,-0.339;-0.082,-0.339;-0.082,-0.339;-0.082,-0.339;-0.082,-0.339;-0.082,-0.339;-0.082,-0.339;-0.082,-0.339;-0.082,-0.339;-0.082,-0.339;-0.082,-0.339;-0.082,-0.339;-0.082,-0.339;-0.082,-0.339;-0.082,-0.339;-0.082,-0.336;-0.082,-0.333;-0.082,-0.328;-0.078,-0.318;-0.071,-0.303;-0.047,-0.276;-0.026,-0.253;0.011,-0.213;0.064,-0.156;0.168,-0.048;0.236,0.022;0.289,0.079;0.319,0.113;0.332,0.128;0.336,0.132;0.336,0.132;0.336,0.132;0.336,0.132;0.336,0.132;0.336,0.132;0.336,0.133;0.336,0.135;0.334,0.139;0.333,0.147;0.331,0.153;0.329,0.156;0.329,0.157;0.329,0.157;0.329,0.157;0.329,0.157;0.329,0.157;0.329,0.157;0.329,0.157;0.329,0.157;0.329,0.157;0.329,0.158;0.329,0.161;0.329,0.164;0.329,0.165;0.329,0.169;0.329,0.174;0.329,0.181;0.328,0.187;0.327,0.194;0.327,0.202;0.327,0.212;0.327,0.218;0.327,0.221;0.327,0.222",416555,20,F,
,,loss,no_pressure,99,2.76504909992218,False,0.2563384514843642,"-0.038,-0.421;-0.038,-0.421;-0.038,-0.421;-0.038,-0.421;-0.038,-0.421;-0.039,-0.421;-0.039,-0.421;-0.039,-0.421;-0.039,-0.421;-0.039,-0.421;-0.039,-0.421;-0.039,-0.421;-0.039,-0.421;-0.039,-0.421;-0.039,-0.421;-0.039,-0.421;-0.039,-0.421;-0.039,-0.421;-0.039,-0.421;-0.039,-0.421;-0.039,-0.421;-0.039,-0.421;-0.039,-0.421;-0.039,-0.421;-0.039,-0.421;-0.039,-0.421;-0.039,-0.421;-0.039,-0.421;-0.051,-0.387;-0.071,-0.326;-0.088,-0.262;-0.102,-0.211;-0.114,-0.166;-0.119,-0.153;-0.121,-0.147;-0.121,-0.144;-0.122,-0.139;-0.122,-0.135;-0.122,-0.127;-0.122,-0.116;-0.121,-0.104;-0.118,-0.092;-0.118,-0.090;-0.118,-0.090;-0.118,-0.090;-0.118,-0.090;-0.118,-0.090;-0.118,-0.090;-0.118,-0.090;-0.118,-0.090;-0.118,-0.090;-0.118,-0.090;-0.118,-0.090;-0.118,-0.090;-0.118,-0.090;-0.118,-0.090;-0.118,-0.090;-0.118,-0.090;-0.118,-0.090;-0.118,-0.090;-0.118,-0.090;-0.118,-0.090;-0.118,-0.090;-0.118,-0.090;-0.118,-0.090;-0.118,-0.090;-0.118,-0.090;-0.118,-0.090;-0.118,-0.090;-0.118,-0.090;-0.118,-0.090;-0.118,-0.090;-0.118,-0.090;-0.118,-0.090;-0.118,-0.090;-0.118,-0.090;-0.118,-0.090;-0.118,-0.090;-0.118,-0.090;-0.118,-0.090;-0.118,-0.090;-0.118,-0.090;-0.118,-0.090;-0.118,-0.089;-0.114,-0.085;-0.108,-0.074;-0.097,-0.063;-0.090,-0.055;-0.083,-0.049;-0.078,-0.044;-0.070,-0.036;-0.044,-0.015;-0.006,0.011;0.045,0.054;0.097,0.114;0.151,0.182;0.236,0.270;0.284,0.313;0.317,0.339;0.329,0.350;0.332,0.353;0.332,0.353;0.332,0.353;0.332,0.353;0.332,0.353;0.332,0.353;0.332,0.353;0.332,0.353;0.332,0.353;0.332,0.353;0.332,0.353;0.332,0.353;0.332,0.353;0.332,0.353;0.332,0.353;0.332,0.353;0.332,0.353;0.332,0.353;0.332,0.353;0.332,0.353;0.332,0.353;0.332,0.353;0.332,0.353;0.332,0.353;0.332,0.353;0.332,0.353;0.332,0.353;0.332,0.353;0.332,0.353;0.332,0.353;0.332,0.353;0.332,0.353;0.332,0.353;0.332,0.353;0.332,0.353;0.332,0.353;0.332,0.353;0.332,0.353;0.332,0.353;0.332,0.353;0.332,0.353;0.332,0.353;0.332,0.353;0.332,0.353;0.332,0.353;0.332,0.353;0.333,0.348;0.338,0.338;0.343,0.327;0.344,0.323;0.346,0.319;0.346,0.316;0.348,0.313;0.349,0.309;0.351,0.306;0.351,0.306;0.353,0.306;0.353,0.305;0.353,0.305;0.353,0.304;0.354,0.302;0.354,0.302;0.354,0.302;0.354,0.301;0.354,0.301;0.354,0.301;0.354,0.301",416555,20,F,
,,loss,no_pressure,99,2.765623399987817,True,0.44611159540585305,"-0.031,-0.422;-0.031,-0.422;-0.031,-0.422;-0.031,-0.422;-0.031,-0.422;-0.031,-0.422;-0.031,-0.422;-0.031,-0.422;-0.031,-0.422;-0.031,-0.422;-0.031,-0.422;-0.031,-0.422;-0.031,-0.422;-0.031,-0.422;-0.031,-0.422;-0.031,-0.422;-0.031,-0.422;-0.031,-0.422;-0.031,-0.422;-0.031,-0.422;-0.031,-0.422;-0.031,-0.422;-0.031,-0.422;-0.031,-0.422;-0.031,-0.422;-0.031,-0.422;-0.031,-0.422;-0.031,-0.422;-0.031,-0.422;-0.031,-0.422;-0.031,-0.422;-0.031,-0.422;-0.031,-0.422;-0.031,-0.422;-0.031,-0.422;-0.033,-0.414;-0.038,-0.405;-0.041,-0.400;-0.043,-0.397;-0.043,-0.394;-0.044,-0.393;-0.044,-0.393;-0.044,-0.393;-0.044,-0.393;-0.045,-0.391;-0.047,-0.386;-0.049,-0.378;-0.053,-0.366;-0.064,-0.336;-0.072,-0.308;-0.080,-0.282;-0.092,-0.253;-0.111,-0.218;-0.134,-0.163;-0.144,-0.132;-0.159,-0.098;-0.179,-0.066;-0.199,-0.040;-0.219,-0.014;-0.224,-0.007;-0.227,-0.005;-0.227,-0.005;-0.227,-0.005;-0.227,-0.005;-0.227,-0.005;-0.227,-0.005;-0.228,-0.002;-0.233,0.006;-0.240,0.017;-0.246,0.023;-0.252,0.027;-0.257,0.032;-0.261,0.036;-0.263,0.038;-0.263,0.038;-0.263,0.038;-0.263,0.038;-0.263,0.038;-0.263,0.038;-0.263,0.038;-0.263,0.038;-0.263,0.038;-0.263,0.038;-0.263,0.038;-0.263,0.038;-0.263,0.038;-0.263,0.038;-0.263,0.038;-0.263,0.038;-0.263,0.038;-0.263,0.038;-0.263,0.038;-0.261,0.038;-0.251,0.037;-0.241,0.036;-0.235,0.036;-0.229,0.036;-0.223,0.036;-0.213,0.037;-0.205,0.039;-0.198,0.042;-0.191,0.046;-0.181,0.049;-0.168,0.056;-0.139,0.067;-0.097,0.077;-0.041,0.089;0.059,0.107;0.123,0.119;0.183,0.133;0.217,0.145;0.229,0.150;0.229,0.150;0.229,0.151;0.231,0.154;0.233,0.157;0.236,0.164;0.241,0.169;0.246,0.176;0.251,0.182;0.257,0.188;0.258,0.188;0.258,0.188;0.258,0.188;0.258,0.189;0.258,0.190;0.258,0.192;0.259,0.192;0.259,0.193;0.259,0.194;0.259,0.196;0.259,0.198;0.259,0.201;0.259,0.203;0.259,0.206;0.258,0.208;0.257,0.209;0.257,0.210;0.256,0.211;0.256,0.212;0.256,0.212;0.256,0.212;0.256,0.212;0.256,0.212;0.256,0.212;0.256,0.212;0.256,0.212;0.256,0.212;0.256,0.212;0.256,0.212;0.256,0.212;0.256,0.212;0.256,0.212;0.256,0.212;0.256,0.212;0.256,0.212;0.256,0.212;0.256,0.212;0.256,0.212;0.256,0.212;0.256,0.212;0.256,0.212;0.256,0.212;0.256,0.212;0.256,0.212;0.256,0.212;0.256,0.212",416555,20,F,
,,loss,no_pressure,95.875,1.3289906000718474,False,0.10997746466909815,"-0.037,-0.413;-0.037,-0.413;-0.037,-0.413;-0.037,-0.413;-0.037,-0.413;-0.037,-0.413;-0.037,-0.413;-0.037,-0.413;-0.037,-0.413;-0.037,-0.413;-0.037,-0.413;-0.037,-0.413;-0.037,-0.413;-0.037,-0.414;-0.040,-0.417;-0.044,-0.421;-0.048,-0.427;-0.059,-0.439;-0.068,-0.448;-0.073,-0.456;-0.076,-0.462;-0.078,-0.467;-0.078,-0.468;-0.078,-0.468;-0.078,-0.468;-0.078,-0.468;-0.078,-0.468;-0.078,-0.468;-0.078,-0.468;-0.078,-0.468;-0.078,-0.468;-0.078,-0.468;-0.078,-0.468;-0.078,-0.468;-0.078,-0.468;-0.078,-0.468;-0.078,-0.468;-0.078,-0.468;-0.078,-0.468;-0.078,-0.468;-0.078,-0.468;-0.078,-0.468;-0.078,-0.468;-0.078,-0.468;-0.078,-0.468;-0.082,-0.468;-0.093,-0.458;-0.107,-0.419;-0.103,-0.405;-0.100,-0.402;-0.098,-0.401;-0.098,-0.399;-0.096,-0.394;-0.091,-0.387;-0.083,-0.372;-0.074,-0.351;-0.069,-0.322;-0.067,-0.281;-0.073,-0.202;-0.087,-0.143;-0.107,-0.082;-0.149,0.011;-0.184,0.070;-0.214,0.115;-0.240,0.149;-0.266,0.187;-0.292,0.219;-0.317,0.249;-0.327,0.263;-0.337,0.274;-0.350,0.286;-0.357,0.291;-0.362,0.295;-0.364,0.299;-0.368,0.303;-0.372,0.309;-0.373,0.311;-0.373,0.312;-0.373,0.312;-0.373,0.312;-0.373,0.312",416555,20,F,
,,loss,no_pressure,97.4375,3.6141949999146163,False,0.519292088813486,"0.007,-0.434;0.007,-0.434;0.007,-0.434;0.007,-0.434;0.007,-0.434;0.007,-0.434;0.007,-0.434;0.007,-0.434;0.007,-0.434;0.007,-0.434;0.007,-0.434;0.007,-0.434;0.007,-0.434;0.007,-0.434;0.007,-0.434;0.007,-0.434;0.007,-0.434;0.007,-0.434;0.007,-0.434;0.007,-0.435;0.007,-0.435;0.007,-0.435;0.007,-0.435;0.007,-0.435;0.007,-0.435;0.007,-0.435;0.007,-0.435;0.007,-0.435;0.007,-0.435;0.007,-0.435;0.007,-0.435;0.007,-0.435;0.007,-0.435;0.007,-0.435;0.007,-0.435;0.007,-0.435;0.007,-0.435;0.007,-0.435;0.008,-0.432;0.009,-0.426;0.009,-0.422;0.009,-0.419;0.009,-0.417;0.009,-0.414;0.011,-0.413;0.012,-0.409;0.013,-0.408;0.013,-0.407;0.014,-0.407;0.014,-0.407;0.014,-0.407;0.014,-0.407;0.014,-0.407;0.014,-0.407;0.014,-0.407;0.014,-0.407;0.014,-0.407;0.014,-0.407;0.014,-0.407;0.014,-0.407;0.014,-0.407;0.014,-0.407;0.014,-0.407;0.014,-0.407;0.014,-0.407;0.014,-0.407;0.014,-0.407;0.014,-0.407;0.014,-0.407;0.014,-0.407;0.014,-0.407;0.014,-0.407;0.014,-0.407;0.014,-0.407;0.014,-0.407;0.014,-0.407;0.014,-0.407;0.014,-0.407;0.014,-0.407;0.014,-0.407;0.014,-0.407;0.014,-0.407;0.014,-0.407;0.014,-0.407;0.014,-0.407;0.014,-0.407;0.014,-0.407;0.014,-0.407;0.014,-0.407;0.014,-0.407;0.014,-0.407;0.014,-0.407;0.014,-0.407;0.014,-0.407;0.029,-0.381;0.071,-0.312;0.117,-0.218;0.165,-0.116;0.208,-0.018;0.259,0.103;0.282,0.160;0.294,0.197;0.303,0.219;0.309,0.236;0.311,0.242;0.313,0.248;0.316,0.259;0.318,0.262;0.319,0.263;0.320,0.263;0.320,0.263;0.320,0.264;0.321,0.267;0.322,0.270;0.323,0.271;0.323,0.271;0.323,0.271;0.323,0.271;0.323,0.271;0.323,0.271;0.323,0.271;0.323,0.271;0.323,0.271;0.323,0.271;0.323,0.271;0.323,0.271;0.323,0.271;0.323,0.271;0.323,0.271;0.323,0.271;0.323,0.271;0.323,0.271;0.323,0.271;0.323,0.271;0.323,0.271;0.323,0.271;0.323,0.271;0.323,0.271;0.323,0.271;0.323,0.271;0.323,0.271;0.323,0.271;0.323,0.271;0.323,0.271;0.323,0.271;0.323,0.271;0.323,0.271;0.323,0.271;0.323,0.271;0.323,0.271;0.323,0.271;0.323,0.271;0.323,0.271;0.323,0.271;0.323,0.271;0.323,0.271;0.323,0.271;0.323,0.271;0.323,0.271;0.323,0.271;0.323,0.271;0.323,0.271;0.323,0.271;0.323,0.271;0.323,0.271;0.292,0.253;0.238,0.232;0.166,0.221;0.089,0.219;0.008,0.219;-0.116,0.230;-0.182,0.239;-0.217,0.244;-0.228,0.246;-0.229,0.246;-0.229,0.246;-0.229,0.246;-0.229,0.246;-0.229,0.246;-0.229,0.246;-0.229,0.246;-0.229,0.246;-0.229,0.246;-0.229,0.246;-0.229,0.246;-0.229,0.246;-0.229,0.246;-0.229,0.246;-0.228,0.247;-0.219,0.249;-0.201,0.253;-0.171,0.257;-0.077,0.257;0.017,0.257;0.134,0.257;0.249,0.253;0.343,0.249;0.416,0.243;0.425,0.242;0.426,0.242;0.426,0.242;0.426,0.242;0.426,0.242;0.426,0.242;0.426,0.242;0.426,0.242;0.426,0.242;0.426,0.242;0.426,0.242;0.426,0.242;0.426,0.242;0.426,0.242;0.426,0.242;0.426,0.242;0.426,0.242;0.426,0.242;0.426,0.242;0.426,0.242",416555,20,F,
,,loss,no_pressure,99,7.19648679997772,True,0.13375078879869648,"-0.023,-0.373;-0.023,-0.373;-0.023,-0.373;-0.023,-0.373;-0.023,-0.373;-0.023,-0.373;-0.023,-0.373;-0.023,-0.373;-0.023,-0.373;-0.023,-0.373;-0.023,-0.373;-0.023,-0.373;-0.023,-0.373;-0.023,-0.373;-0.023,-0.373;-0.023,-0.373;-0.023,-0.373;-0.023,-0.373;-0.023,-0.373;-0.023,-0.373;-0.023,-0.373;-0.023,-0.373;-0.023,-0.373;-0.023,-0.373;-0.023,-0.373;-0.023,-0.373;-0.023,-0.373;-0.023,-0.373;-0.023,-0.373;-0.023,-0.373;-0.023,-0.373;-0.023,-0.373;-0.023,-0.373;-0.023,-0.373;-0.023,-0.373;-0.023,-0.373;-0.023,-0.373;-0.023,-0.373;-0.023,-0.373;-0.023,-0.373;-0.023,-0.373;-0.023,-0.373;-0.023,-0.373;-0.023,-0.373;-0.023,-0.373;-0.023,-0.373;-0.023,-0.373;-0.023,-0.373;-0.023,-0.373;-0.023,-0.373;-0.023,-0.373;-0.023,-0.373;-0.023,-0.373;-0.023,-0.373;-0.023,-0.373;-0.023,-0.373;-0.023,-0.373;-0.023,-0.373;-0.023,-0.373;-0.023,-0.373;-0.023,-0.373;-0.023,-0.373;-0.023,-0.373;-0.023,-0.373;-0.023,-0.373;-0.023,-0.373;-0.023,-0.373;-0.023,-0.373;-0.023,-0.373;-0.023,-0.373;-0.023,-0.373;-0.023,-0.373;-0.023,-0.373;-0.023,-0.373;-0.023,-0.373;-0.023,-0.373;-0.023,-0.373;-0.023,-0.373;-0.023,-0.373;-0.023,-0.373;-0.023,-0.373;-0.023,-0.373;-0.023,-0.373;-0.023,-0.373;-0.023,-0.373;-0.023,-0.373;-0.023,-0.373;-0.023,-0.373;-0.023,-0.373;-0.023,-0.373;-0.023,-0.373;-0.023,-0.373;-0.023,-0.373;-0.023,-0.373;-0.023,-0.373;-0.023,-0.373;-0.023,-0.373;-0.023,-0.373;-0.023,-0.373;-0.023,-0.373;-0.023,-0.373;-0.023,-0.373;-0.023,-0.373;-0.023,-0.373;-0.023,-0.373;-0.023,-0.373;-0.023,-0.373;-0.023,-0.373;-0.023,-0.373;-0.023,-0.373;-0.023,-0.373;-0.023,-0.373;-0.023,-0.373;-0.023,-0.373;-0.023,-0.373;-0.023,-0.373;-0.023,-0.373;-0.023,-0.373;-0.023,-0.373;-0.023,-0.373;-0.023,-0.373;-0.023,-0.373;-0.023,-0.373;-0.023,-0.373;-0.023,-0.373;-0.023,-0.373;-0.023,-0.373;-0.023,-0.373;-0.023,-0.373;-0.023,-0.373;-0.023,-0.373;-0.023,-0.373;-0.023,-0.373;-0.023,-0.373;-0.023,-0.373;-0.023,-0.373;-0.023,-0.373;-0.023,-0.373;-0.023,-0.373;-0.023,-0.373;-0.023,-0.373;-0.023,-0.373;-0.023,-0.373;-0.023,-0.373;-0.023,-0.373;-0.023,-0.373;-0.023,-0.373;-0.023,-0.373;-0.023,-0.373;-0.023,-0.373;-0.023,-0.373;-0.023,-0.373;-0.023,-0.373;-0.023,-0.373;-0.023,-0.373;-0.023,-0.373;-0.023,-0.373;-0.023,-0.373;-0.023,-0.373;-0.023,-0.373;-0.023,-0.373;-0.023,-0.373;-0.023,-0.373;-0.023,-0.373;-0.023,-0.373;-0.023,-0.373;-0.023,-0.373;-0.023,-0.373;-0.023,-0.373;-0.023,-0.373;-0.023,-0.373;-0.023,-0.373;-0.023,-0.373;-0.023,-0.373;-0.023,-0.373;-0.023,-0.373;-0.023,-0.373;-0.023,-0.373;-0.023,-0.373;-0.023,-0.373;-0.023,-0.373;-0.023,-0.373;-0.023,-0.373;-0.023,-0.373;-0.023,-0.373;-0.023,-0.373;-0.023,-0.373;-0.023,-0.373;-0.023,-0.373;-0.023,-0.373;-0.023,-0.373;-0.023,-0.373;-0.023,-0.373;-0.023,-0.373;-0.023,-0.373;-0.023,-0.373;-0.023,-0.373;-0.023,-0.373;-0.023,-0.373;-0.023,-0.373;-0.023,-0.373;-0.023,-0.373;-0.023,-0.373;-0.023,-0.373;-0.023,-0.373;-0.023,-0.373;-0.023,-0.373;-0.023,-0.373;-0.023,-0.373;-0.023,-0.373;-0.023,-0.373;-0.023,-0.373;-0.023,-0.373;-0.023,-0.373;-0.023,-0.373;-0.023,-0.373;-0.023,-0.373;-0.023,-0.373;-0.023,-0.373;-0.023,-0.373;-0.023,-0.373;-0.023,-0.373;-0.023,-0.373;-0.023,-0.373;-0.023,-0.373;-0.023,-0.373;-0.023,-0.373;-0.023,-0.373;-0.023,-0.373;-0.023,-0.373;-0.023,-0.373;-0.023,-0.373;-0.023,-0.373;-0.023,-0.373;-0.023,-0.373;-0.023,-0.373;-0.023,-0.373;-0.023,-0.373;-0.023,-0.373;-0.023,-0.373;-0.023,-0.373;-0.023,-0.373;-0.023,-0.373;-0.023,-0.373;-0.023,-0.373;-0.023,-0.373;-0.023,-0.373;-0.023,-0.373;-0.023,-0.373;-0.023,-0.373;-0.023,-0.373;-0.023,-0.373;-0.023,-0.373;-0.023,-0.371;-0.023,-0.351;-0.021,-0.331;-0.018,-0.302;-0.014,-0.261;-0.011,-0.239;-0.008,-0.221;-0.003,-0.203;0.002,-0.181;0.006,-0.173;0.008,-0.167;0.009,-0.162;0.011,-0.159;0.011,-0.157;0.011,-0.157;0.011,-0.157;0.011,-0.157;0.011,-0.157;0.011,-0.157;0.011,-0.157;0.011,-0.157;0.011,-0.157;0.011,-0.157;0.011,-0.157;0.011,-0.157;0.011,-0.157;0.011,-0.157;0.011,-0.157;0.011,-0.157;0.011,-0.157;0.011,-0.157;0.011,-0.157;0.011,-0.157;0.011,-0.157;0.011,-0.157;0.011,-0.157;0.011,-0.157;0.011,-0.157;0.011,-0.157;0.011,-0.157;0.011,-0.157;0.011,-0.157;0.011,-0.157;0.011,-0.157;0.011,-0.157;0.011,-0.157;0.011,-0.157;0.012,-0.158;0.016,-0.164;0.023,-0.187;0.024,-0.198;0.024,-0.199;0.024,-0.199;0.024,-0.199;0.024,-0.199;0.024,-0.199;0.024,-0.199;0.024,-0.199;0.024,-0.199;0.024,-0.199;0.024,-0.199;0.024,-0.199;0.024,-0.199;0.024,-0.199;0.024,-0.199;0.024,-0.199;0.024,-0.199;0.024,-0.199;0.024,-0.199;0.024,-0.199;0.024,-0.199;0.024,-0.199;0.024,-0.199;0.034,-0.203;0.043,-0.211;0.030,-0.222;0.011,-0.238;0.005,-0.243;0.005,-0.244;0.005,-0.244;0.005,-0.244;0.005,-0.244;0.005,-0.244;0.005,-0.244;0.005,-0.244;0.005,-0.243;0.005,-0.243;0.005,-0.243;0.005,-0.243;0.005,-0.243;0.005,-0.243;0.005,-0.243;0.005,-0.243;0.005,-0.243;0.005,-0.244;0.005,-0.244;0.005,-0.244;0.005,-0.244;0.005,-0.244;0.005,-0.244;0.005,-0.244;0.005,-0.244;0.005,-0.244;0.005,-0.244;0.005,-0.244;0.005,-0.244;0.005,-0.244;0.005,-0.244;0.005,-0.244;0.005,-0.244;0.005,-0.244;0.005,-0.244;0.005,-0.244;0.005,-0.244;0.005,-0.244;0.005,-0.244;0.005,-0.244;0.005,-0.244;0.005,-0.244;0.005,-0.244;0.005,-0.244;0.005,-0.244;0.005,-0.244;0.005,-0.244;0.005,-0.244;0.005,-0.244;0.005,-0.244;0.005,-0.244;0.005,-0.244;0.007,-0.211;0.009,-0.156;0.012,-0.118;0.018,-0.098;0.028,-0.088;0.040,-0.070;0.081,-0.017;0.128,0.047;0.181,0.126;0.237,0.204;0.295,0.281;0.379,0.381;0.423,0.427;0.448,0.454;0.461,0.467;0.463,0.470;0.463,0.470;0.463,0.470;0.463,0.470;0.463,0.470;0.463,0.470;0.463,0.470;0.463,0.470;0.463,0.470;0.463,0.470;0.463,0.470;0.463,0.468;0.458,0.453;0.441,0.419;0.407,0.363;0.387,0.332;0.372,0.310;0.359,0.295;0.344,0.281;0.338,0.276;0.333,0.271;0.327,0.267;0.317,0.262;0.314,0.261;0.313,0.260;0.312,0.259;0.312,0.259;0.312,0.259;0.312,0.259;0.312,0.259;0.312,0.259;0.312,0.259;0.312,0.259;0.312,0.259;0.312,0.259;0.312,0.259",416555,20,F,
,,loss,no_pressure,98.0,2.0976545999292284,False,0.04175836064503354,"0.016,-0.387;0.016,-0.387;0.016,-0.387;0.016,-0.387;0.016,-0.387;0.016,-0.387;0.016,-0.387;0.016,-0.387;0.016,-0.387;0.016,-0.387;0.016,-0.387;0.016,-0.387;0.016,-0.387;0.016,-0.387;0.016,-0.387;0.016,-0.387;0.016,-0.387;0.016,-0.387;0.016,-0.387;0.016,-0.387;0.016,-0.387;0.016,-0.387;0.016,-0.387;0.016,-0.387;0.016,-0.387;0.016,-0.387;0.016,-0.387;0.014,-0.387;0.013,-0.388;0.003,-0.406;-0.012,-0.432;-0.026,-0.456;-0.034,-0.464;-0.038,-0.466;-0.035,-0.465;-0.031,-0.465;-0.029,-0.465;-0.029,-0.465;-0.029,-0.465;-0.029,-0.465;-0.029,-0.465;-0.029,-0.465;-0.029,-0.465;-0.029,-0.465;-0.029,-0.465;-0.029,-0.465;-0.029,-0.465;-0.029,-0.465;-0.029,-0.465;-0.029,-0.465;-0.029,-0.465;-0.029,-0.465;-0.029,-0.465;-0.029,-0.465;-0.029,-0.465;-0.029,-0.465;-0.029,-0.461;-0.027,-0.446;-0.020,-0.421;0.005,-0.358;0.029,-0.306;0.057,-0.254;0.087,-0.198;0.120,-0.131;0.158,-0.050;0.219,0.067;0.256,0.124;0.282,0.162;0.295,0.181;0.301,0.189;0.303,0.191;0.303,0.191;0.303,0.191;0.303,0.191;0.303,0.191;0.303,0.191;0.303,0.191;0.303,0.191;0.303,0.191;0.303,0.191;0.303,0.191;0.303,0.191;0.303,0.191;0.303,0.191;0.303,0.191;0.303,0.191;0.303,0.191;0.303,0.191;0.303,0.191;0.303,0.191;0.303,0.191;0.303,0.191;0.303,0.191;0.303,0.191;0.303,0.191;0.303,0.191;0.303,0.191;0.303,0.191;0.303,0.191;0.303,0.191;0.303,0.191;0.303,0.191;0.303,0.191;0.303,0.191;0.303,0.191;0.303,0.191;0.303,0.191;0.303,0.191;0.303,0.191;0.303,0.191;0.303,0.191;0.303,0.191;0.303,0.191;0.303,0.191;0.303,0.191;0.303,0.191;0.303,0.191;0.303,0.191;0.303,0.191;0.303,0.191;0.303,0.191;0.303,0.191;0.303,0.191;0.303,0.191;0.303,0.191;0.303,0.191;0.303,0.191",416555,20,F,
,,loss,high_pressure,50,1.0995936000254005,False,0.6713035468711493,"0.017,-0.426;0.017,-0.426;0.017,-0.426;0.017,-0.426;0.017,-0.426;0.017,-0.426;0.017,-0.426;0.017,-0.426;0.017,-0.426;0.017,-0.426;0.017,-0.426;0.017,-0.426;0.017,-0.426;0.017,-0.426;0.017,-0.426;0.017,-0.426;0.017,-0.426;0.016,-0.425;0.016,-0.421;0.016,-0.401;0.019,-0.345;0.023,-0.306;0.028,-0.272;0.037,-0.243;0.051,-0.216;0.100,-0.162;0.153,-0.122;0.204,-0.089;0.238,-0.066;0.253,-0.052;0.251,-0.033;0.217,-0.011;0.127,0.031;-0.006,0.077;-0.184,0.128;-0.238,0.143;-0.251,0.146;-0.251,0.146;-0.251,0.146;-0.251,0.146;-0.257,0.145;-0.286,0.144;-0.359,0.147;-0.410,0.158;-0.437,0.166;-0.447,0.169;-0.448,0.169;-0.448,0.169;-0.445,0.171;-0.426,0.172;-0.371,0.173;-0.271,0.177;-0.072,0.199;0.053,0.222;0.148,0.244;0.209,0.264;0.248,0.277;0.259,0.281;0.263,0.283;0.264,0.284;0.265,0.284;0.265,0.284;0.269,0.286;0.276,0.288;0.281,0.291;0.283,0.291;0.283,0.291",416555,20,F,
,,loss,high_pressure,75,1.0153186998795718,False,0.28748495150343206,"-0.017,-0.401;-0.017,-0.401;-0.017,-0.401;-0.017,-0.401;-0.017,-0.401;-0.017,-0.401;-0.017,-0.401;-0.017,-0.401;-0.017,-0.401;-0.017,-0.401;-0.018,-0.401;-0.021,-0.402;-0.024,-0.405;-0.026,-0.406;-0.032,-0.409;-0.047,-0.420;-0.058,-0.427;-0.058,-0.428;-0.058,-0.428;-0.058,-0.428;-0.058,-0.428;-0.058,-0.428;-0.058,-0.428;-0.058,-0.428;-0.058,-0.428;-0.058,-0.428;-0.058,-0.428;-0.058,-0.428;-0.058,-0.428;-0.058,-0.428;-0.058,-0.428;-0.058,-0.428;-0.058,-0.428;-0.058,-0.426;-0.052,-0.396;-0.037,-0.354;-0.009,-0.291;0.028,-0.224;0.068,-0.158;0.115,-0.091;0.128,-0.066;0.131,-0.050;0.124,-0.039;0.100,-0.024;-0.029,0.022;-0.188,0.069;-0.368,0.118;-0.526,0.153;-0.639,0.180;-0.649,0.184;-0.649,0.184;-0.648,0.185;-0.639,0.190;-0.605,0.203;-0.567,0.218;-0.511,0.238;-0.446,0.264;-0.378,0.302;-0.361,0.324;-0.353,0.343;-0.351,0.356;-0.349,0.361",416555,20,F,
,,loss,high_pressure,99,1.4134870001580566,False,0.9558943545674998,"-0.014,-0.445;-0.014,-0.445;-0.014,-0.445;-0.014,-0.445;-0.014,-0.445;-0.014,-0.445;-0.014,-0.445;-0.014,-0.445;-0.014,-0.445;-0.014,-0.445;-0.014,-0.445;-0.014,-0.445;-0.014,-0.445;-0.014,-0.445;-0.014,-0.446;-0.018,-0.449;-0.024,-0.454;-0.028,-0.456;-0.028,-0.456;-0.028,-0.456;-0.028,-0.456;-0.028,-0.456;-0.028,-0.456;-0.028,-0.456;-0.028,-0.456;-0.028,-0.456;-0.028,-0.456;-0.028,-0.456;-0.028,-0.456;-0.028,-0.456;-0.028,-0.456;-0.028,-0.456;-0.028,-0.456;-0.028,-0.456;-0.031,-0.454;-0.038,-0.444;-0.040,-0.432;-0.033,-0.411;-0.013,-0.397;0.024,-0.377;0.094,-0.353;0.193,-0.327;0.374,-0.290;0.489,-0.268;0.584,-0.248;0.650,-0.232;0.659,-0.229;0.659,-0.228;0.657,-0.226;0.631,-0.209;0.581,-0.183;0.493,-0.152;0.373,-0.123;0.219,-0.093;-0.066,-0.042;-0.273,0.001;-0.470,0.042;-0.629,0.085;-0.739,0.116;-0.796,0.131;-0.798,0.131;-0.798,0.131;-0.797,0.131;-0.781,0.134;-0.751,0.142;-0.677,0.149;-0.538,0.152;-0.354,0.154;-0.087,0.164;0.057,0.175;0.159,0.187;0.226,0.200;0.278,0.215;0.295,0.223;0.307,0.229;0.316,0.236;0.323,0.242;0.346,0.253;0.368,0.262;0.381,0.267;0.384,0.268;0.384,0.268;0.384,0.268;0.386,0.269;0.391,0.277;0.400,0.288",416555,20,F,
,,loss,high_pressure,99,0.9310241998173296,False,0.3849211263418436,"-0.011,-0.383;-0.011,-0.383;-0.011,-0.383;-0.011,-0.383;-0.011,-0.383;-0.011,-0.383;-0.011,-0.383;-0.011,-0.383;-0.011,-0.383;-0.011,-0.383;-0.012,-0.383;-0.013,-0.383;-0.016,-0.383;-0.016,-0.383;-0.017,-0.383;-0.018,-0.383;-0.021,-0.383;-0.029,-0.383;-0.054,-0.382;-0.076,-0.378;-0.099,-0.371;-0.127,-0.361;-0.157,-0.349;-0.201,-0.326;-0.235,-0.302;-0.263,-0.282;-0.290,-0.262;-0.318,-0.237;-0.329,-0.222;-0.332,-0.212;-0.327,-0.197;-0.317,-0.178;-0.291,-0.145;-0.264,-0.122;-0.218,-0.089;-0.154,-0.055;-0.094,-0.029;-0.026,-0.004;0.007,0.008;0.037,0.020;0.064,0.031;0.096,0.047;0.114,0.059;0.134,0.072;0.154,0.089;0.202,0.120;0.244,0.146;0.279,0.164;0.301,0.178;0.313,0.185;0.318,0.191;0.319,0.192;0.319,0.192;0.319,0.192;0.319,0.192;0.319,0.193;0.320,0.198",416555,20,F,
,,loss,high_pressure,99,0.8804119999986142,True,0.3620436086287229,"-0.005,-0.412;-0.005,-0.412;-0.005,-0.412;-0.005,-0.412;-0.005,-0.412;-0.005,-0.412;-0.005,-0.412;-0.005,-0.412;-0.005,-0.412;-0.005,-0.412;-0.005,-0.412;-0.005,-0.412;-0.005,-0.412;-0.005,-0.412;-0.005,-0.412;-0.006,-0.411;-0.014,-0.410;-0.029,-0.404;-0.064,-0.386;-0.106,-0.361;-0.175,-0.317;-0.256,-0.265;-0.341,-0.201;-0.428,-0.126;-0.533,-0.022;-0.566,0.016;-0.575,0.032;-0.571,0.051;-0.557,0.073;-0.516,0.111;-0.452,0.152;-0.360,0.188;-0.238,0.212;-0.065,0.223;0.017,0.223;0.051,0.223;0.061,0.223;0.061,0.223;0.061,0.222;0.059,0.219;0.058,0.218;0.054,0.216;0.043,0.216;0.023,0.216;-0.004,0.216;-0.062,0.223;-0.118,0.237;-0.177,0.257;-0.223,0.271;-0.268,0.286;-0.283,0.290;-0.287,0.290;-0.289,0.290;-0.289,0.290",416555,20,F,
,,loss,high_pressure,,-1,timeout,,,416555,20,F,
,,loss,high_pressure,86.5,0.8981937998905778,False,0.6506310911062813,"-0.007,-0.412;-0.007,-0.412;-0.007,-0.412;-0.007,-0.412;-0.007,-0.412;-0.007,-0.412;-0.007,-0.412;-0.007,-0.412;-0.007,-0.412;-0.007,-0.412;-0.007,-0.412;-0.007,-0.412;-0.007,-0.412;-0.007,-0.412;-0.007,-0.409;-0.008,-0.402;-0.010,-0.386;-0.019,-0.356;-0.036,-0.326;-0.078,-0.272;-0.149,-0.209;-0.241,-0.144;-0.348,-0.079;-0.465,-0.018;-0.499,-0.001;-0.512,0.008;-0.514,0.010;-0.514,0.010;-0.514,0.011;-0.512,0.013;-0.502,0.018;-0.476,0.023;-0.378,0.026;-0.267,0.026;-0.137,0.022;0.052,0.007;0.150,0.001;0.214,-0.001;0.247,-0.001;0.266,0.003;0.274,0.008;0.284,0.021;0.293,0.037;0.308,0.062;0.348,0.113;0.377,0.146;0.398,0.175;0.412,0.196;0.421,0.209;0.427,0.220;0.427,0.222;0.427,0.222;0.428,0.222;0.428,0.222;0.428,0.222",416555,20,F,
,,loss,high_pressure,92.75,1.2657963999081403,False,0.517500475980531,"0.000,-0.414;0.000,-0.414;0.000,-0.414;0.000,-0.414;0.000,-0.414;0.000,-0.414;0.000,-0.414;0.000,-0.414;0.000,-0.414;-0.002,-0.414;-0.007,-0.414;-0.017,-0.414;-0.032,-0.414;-0.050,-0.416;-0.051,-0.417;-0.051,-0.417;-0.051,-0.417;-0.051,-0.417;-0.051,-0.417;-0.051,-0.417;-0.051,-0.417;-0.051,-0.417;-0.051,-0.417;-0.051,-0.417;-0.051,-0.417;-0.051,-0.417;-0.051,-0.417;-0.051,-0.417;-0.051,-0.417;-0.051,-0.417;-0.051,-0.416;-0.048,-0.377;-0.049,-0.316;-0.054,-0.274;-0.053,-0.244;-0.039,-0.202;-0.029,-0.174;-0.017,-0.132;-0.002,-0.072;0.022,-0.012;0.072,0.079;0.109,0.136;0.144,0.180;0.180,0.217;0.218,0.250;0.234,0.266;0.244,0.276;0.248,0.281;0.248,0.281;0.248,0.281;0.237,0.282;0.208,0.278;0.143,0.264;0.040,0.247;-0.121,0.239;-0.188,0.237;-0.220,0.237;-0.231,0.237;-0.232,0.237;-0.232,0.237;-0.232,0.237;-0.232,0.237;-0.232,0.237;-0.218,0.233;-0.187,0.228;-0.132,0.226;-0.062,0.224;0.068,0.224;0.158,0.224;0.239,0.224;0.283,0.224;0.297,0.224;0.297,0.224;0.297,0.224;0.297,0.224;0.297,0.224;0.297,0.224",416555,20,F,
,,loss,high_pressure,99,0.8469084000680596,False,0.3479174305227298,"-0.031,-0.405;-0.031,-0.405;-0.031,-0.405;-0.031,-0.405;-0.031,-0.405;-0.031,-0.405;-0.031,-0.405;-0.031,-0.405;-0.031,-0.405;-0.031,-0.405;-0.031,-0.405;-0.031,-0.405;-0.031,-0.405;-0.031,-0.405;-0.031,-0.405;-0.031,-0.405;-0.031,-0.405;-0.031,-0.405;-0.031,-0.405;-0.031,-0.405;-0.031,-0.405;-0.032,-0.402;-0.040,-0.381;-0.087,-0.277;-0.123,-0.199;-0.147,-0.131;-0.159,-0.078;-0.164,-0.024;-0.164,0.004;-0.155,0.030;-0.137,0.061;-0.102,0.098;-0.028,0.151;0.028,0.183;0.083,0.209;0.138,0.227;0.202,0.239;0.216,0.240;0.219,0.240;0.219,0.240;0.218,0.240;0.218,0.240;0.218,0.240;0.218,0.240;0.218,0.240;0.218,0.243;0.219,0.247;0.225,0.252;0.230,0.257;0.232,0.259;0.233,0.259;0.233,0.259",416555,20,F,
,,loss,high_pressure,99,0.997955100145191,True,0.59440201142584,"0.003,-0.440;0.003,-0.440;0.003,-0.440;0.003,-0.440;0.003,-0.440;0.003,-0.440;0.003,-0.440;0.003,-0.440;0.003,-0.440;0.003,-0.440;0.003,-0.440;0.003,-0.440;0.003,-0.440;0.003,-0.440;0.003,-0.440;-0.001,-0.438;-0.003,-0.434;-0.007,-0.431;-0.009,-0.426;-0.015,-0.417;-0.031,-0.395;-0.048,-0.376;-0.068,-0.353;-0.095,-0.327;-0.138,-0.286;-0.171,-0.258;-0.214,-0.226;-0.265,-0.194;-0.314,-0.167;-0.366,-0.133;-0.387,-0.114;-0.404,-0.096;-0.416,-0.079;-0.424,-0.063;-0.432,-0.038;-0.436,-0.021;-0.437,-0.009;-0.437,-0.001;-0.433,0.013;-0.427,0.028;-0.422,0.047;-0.413,0.069;-0.403,0.092;-0.386,0.116;-0.378,0.125;-0.368,0.131;-0.346,0.140;-0.312,0.146;-0.250,0.149;-0.183,0.149;-0.114,0.149;0.028,0.152;0.132,0.156;0.216,0.166;0.277,0.176;0.329,0.184;0.351,0.189;0.362,0.193;0.364,0.194;0.364,0.194;0.364,0.194",416555,20,F,
,,loss,high_pressure,95.875,1.5987273000646383,True,0.5430654129430844,"-0.004,-0.389;-0.004,-0.389;-0.004,-0.389;-0.004,-0.389;-0.004,-0.389;-0.004,-0.389;-0.004,-0.389;-0.004,-0.389;-0.004,-0.389;-0.004,-0.389;-0.004,-0.389;-0.004,-0.389;-0.004,-0.389;-0.004,-0.389;-0.004,-0.389;-0.004,-0.389;-0.007,-0.389;-0.008,-0.389;-0.009,-0.389;-0.011,-0.388;-0.014,-0.387;-0.026,-0.382;-0.040,-0.373;-0.057,-0.361;-0.076,-0.344;-0.098,-0.326;-0.132,-0.293;-0.152,-0.269;-0.171,-0.246;-0.189,-0.224;-0.214,-0.198;-0.227,-0.187;-0.236,-0.179;-0.244,-0.171;-0.249,-0.166;-0.253,-0.163;-0.255,-0.159;-0.255,-0.157;-0.255,-0.149;-0.253,-0.136;-0.248,-0.126;-0.242,-0.111;-0.229,-0.092;-0.210,-0.071;-0.177,-0.039;-0.143,-0.014;-0.107,0.008;-0.076,0.024;-0.027,0.045;-0.010,0.052;0.063,0.082;0.133,0.104;0.193,0.122;0.258,0.139;0.275,0.144;0.284,0.148;0.289,0.152;0.296,0.156;0.298,0.158;0.299,0.158;0.299,0.158;0.299,0.158;0.299,0.158;0.299,0.158;0.299,0.158;0.299,0.158;0.299,0.158;0.299,0.158;0.299,0.158;0.299,0.158;0.299,0.158;0.299,0.158;0.299,0.158;0.299,0.157;0.299,0.157;0.299,0.157;0.299,0.157;0.298,0.157;0.297,0.159;0.279,0.190;0.264,0.215;0.256,0.235;0.255,0.245;0.255,0.248;0.255,0.248;0.255,0.248;0.254,0.248;0.251,0.246;0.205,0.229;0.106,0.219;-0.029,0.215;-0.168,0.217;-0.341,0.221;-0.410,0.221;-0.439,0.221;-0.447,0.221;-0.448,0.221",416555,20,F,
,,loss,high_pressure,92.75,0.9319203000050038,False,0.08337890491830127,"0.035,-0.389;0.035,-0.389;0.035,-0.389;0.035,-0.389;0.035,-0.389;0.035,-0.389;0.035,-0.389;0.035,-0.389;0.035,-0.389;0.035,-0.389;0.035,-0.389;0.035,-0.389;0.035,-0.389;0.035,-0.389;0.035,-0.389;0.035,-0.389;0.035,-0.389;0.035,-0.389;0.035,-0.389;0.035,-0.389;0.035,-0.389;0.035,-0.389;0.035,-0.389;0.035,-0.389;0.034,-0.389;0.034,-0.383;0.038,-0.359;0.039,-0.333;0.041,-0.315;0.041,-0.313;0.041,-0.313;0.041,-0.313;0.041,-0.313;0.043,-0.306;0.052,-0.278;0.072,-0.214;0.104,-0.111;0.118,-0.057;0.129,-0.017;0.143,0.019;0.159,0.046;0.177,0.069;0.186,0.081;0.193,0.096;0.205,0.117;0.233,0.164;0.249,0.189;0.263,0.206;0.271,0.213;0.276,0.217;0.281,0.224;0.288,0.233;0.297,0.246;0.302,0.254;0.302,0.254;0.302,0.254;0.302,0.254",416555,20,F,
,,loss,high_pressure,94.3125,1.0975850999820977,False,0.06794347128053309,"0.030,-0.429;0.030,-0.429;0.030,-0.429;0.030,-0.429;0.030,-0.429;0.030,-0.429;0.030,-0.429;0.030,-0.428;0.029,-0.427;0.029,-0.427;0.029,-0.427;0.029,-0.427;0.029,-0.427;0.029,-0.427;0.029,-0.427;0.027,-0.423;0.024,-0.418;0.019,-0.414;0.007,-0.412;-0.012,-0.404;-0.026,-0.398;-0.030,-0.396;-0.030,-0.396;-0.030,-0.396;-0.030,-0.396;-0.030,-0.396;-0.030,-0.396;-0.030,-0.396;-0.030,-0.396;-0.030,-0.396;-0.030,-0.396;-0.030,-0.396;-0.030,-0.396;-0.030,-0.396;-0.030,-0.396;-0.030,-0.396;-0.030,-0.396;-0.030,-0.396;-0.034,-0.384;-0.041,-0.356;-0.046,-0.336;-0.052,-0.313;-0.059,-0.288;-0.073,-0.254;-0.126,-0.170;-0.189,-0.098;-0.261,-0.022;-0.318,0.038;-0.357,0.087;-0.366,0.106;-0.370,0.117;-0.371,0.126;-0.371,0.132;-0.366,0.143;-0.359,0.151;-0.352,0.157;-0.344,0.162;-0.333,0.168;-0.323,0.174;-0.306,0.186;-0.292,0.196;-0.283,0.203;-0.279,0.206;-0.279,0.207;-0.279,0.207;-0.279,0.207;-0.279,0.207",416555,20,F,
,,loss,high_pressure,95.875,1.0662431998644024,False,0.47009164409310006,"0.016,-0.397;0.016,-0.397;0.016,-0.397;0.016,-0.397;0.016,-0.397;0.016,-0.397;0.016,-0.397;0.016,-0.397;0.016,-0.397;0.016,-0.397;0.016,-0.397;0.016,-0.397;0.016,-0.397;0.016,-0.397;0.016,-0.397;0.016,-0.397;0.018,-0.397;0.038,-0.392;0.075,-0.379;0.132,-0.358;0.165,-0.344;0.193,-0.330;0.218,-0.315;0.244,-0.297;0.291,-0.262;0.322,-0.234;0.350,-0.206;0.370,-0.182;0.387,-0.152;0.388,-0.131;0.376,-0.111;0.348,-0.089;0.291,-0.064;0.156,-0.030;0.026,-0.005;-0.119,0.020;-0.267,0.043;-0.429,0.073;-0.470,0.083;-0.478,0.085;-0.478,0.085;-0.478,0.085;-0.478,0.086;-0.476,0.087;-0.469,0.088;-0.458,0.092;-0.439,0.101;-0.424,0.109;-0.411,0.114;-0.401,0.119;-0.391,0.126;-0.369,0.138;-0.352,0.150;-0.338,0.161;-0.322,0.174;-0.315,0.182;-0.309,0.191;-0.307,0.202;-0.306,0.213;-0.306,0.223;-0.306,0.232;-0.306,0.232;-0.306,0.232;-0.306,0.232;-0.306,0.232",416555,20,F,
,,loss,high_pressure,97.4375,1.1161593000870198,False,0.39560189515369204,"0.014,-0.438;0.014,-0.438;0.014,-0.438;0.014,-0.438;0.014,-0.438;0.014,-0.438;0.014,-0.438;0.014,-0.438;0.014,-0.438;0.014,-0.438;0.014,-0.438;0.014,-0.438;0.014,-0.438;0.014,-0.438;0.014,-0.438;0.014,-0.438;0.014,-0.442;0.014,-0.444;0.014,-0.444;0.015,-0.445;0.015,-0.445;0.015,-0.445;0.015,-0.441;0.015,-0.431;0.015,-0.417;0.016,-0.395;0.021,-0.375;0.027,-0.348;0.043,-0.301;0.072,-0.229;0.128,-0.126;0.168,-0.063;0.204,-0.009;0.243,0.039;0.297,0.103;0.322,0.144;0.337,0.175;0.346,0.197;0.350,0.211;0.353,0.231;0.354,0.244;0.355,0.256;0.354,0.265;0.354,0.271;0.354,0.271;0.348,0.272;0.319,0.274;0.256,0.278;0.115,0.288;0.029,0.294;-0.027,0.297;-0.052,0.297;-0.057,0.297;-0.057,0.297;-0.057,0.297;-0.056,0.297;-0.051,0.297;-0.036,0.293;0.002,0.287;0.058,0.283;0.128,0.282;0.206,0.277;0.229,0.276;0.235,0.275;0.236,0.275;0.236,0.275;0.236,0.275;0.236,0.275",416555,20,F,
,,loss,high_pressure,99,1.2656593997962773,True,0.22464068597823303,"-0.004,-0.436;-0.004,-0.436;-0.004,-0.436;-0.004,-0.436;-0.004,-0.436;-0.004,-0.436;-0.004,-0.436;-0.004,-0.436;-0.004,-0.436;-0.004,-0.436;-0.004,-0.436;-0.004,-0.436;-0.004,-0.436;-0.004,-0.436;-0.004,-0.436;-0.005,-0.439;-0.011,-0.450;-0.026,-0.477;-0.047,-0.499;-0.057,-0.499;-0.058,-0.499;-0.058,-0.499;-0.058,-0.499;-0.058,-0.499;-0.058,-0.499;-0.058,-0.499;-0.058,-0.499;-0.058,-0.499;-0.058,-0.499;-0.058,-0.499;-0.058,-0.499;-0.058,-0.499;-0.058,-0.499;-0.058,-0.499;-0.058,-0.499;-0.058,-0.499;-0.058,-0.499;-0.058,-0.499;-0.058,-0.499;-0.058,-0.499;-0.058,-0.491;-0.062,-0.442;-0.068,-0.393;-0.078,-0.335;-0.092,-0.281;-0.102,-0.239;-0.114,-0.209;-0.123,-0.187;-0.124,-0.182;-0.124,-0.177;-0.118,-0.167;-0.079,-0.137;-0.003,-0.101;0.098,-0.063;0.207,-0.026;0.358,0.021;0.436,0.043;0.494,0.060;0.522,0.071;0.531,0.077;0.531,0.077;0.528,0.078;0.503,0.084;0.447,0.096;0.366,0.116;0.233,0.157;0.181,0.182;0.161,0.199;0.156,0.214;0.156,0.223;0.157,0.233;0.162,0.245;0.170,0.259;0.179,0.276;0.194,0.301;0.202,0.314;0.207,0.321",416555,20,F,
,,loss,high_pressure,98.0,1.0984259000979364,False,0.24207445700660518,"0.017,-0.414;0.017,-0.414;0.017,-0.414;0.017,-0.414;0.017,-0.414;0.017,-0.414;0.017,-0.414;0.017,-0.414;0.017,-0.414;0.017,-0.414;0.017,-0.414;0.017,-0.414;0.017,-0.414;0.017,-0.414;0.017,-0.414;0.017,-0.414;0.017,-0.414;0.017,-0.414;0.017,-0.414;0.017,-0.414;0.017,-0.414;0.017,-0.414;0.017,-0.414;0.017,-0.414;0.017,-0.414;0.017,-0.414;0.016,-0.413;0.007,-0.401;-0.026,-0.366;-0.093,-0.298;-0.138,-0.261;-0.184,-0.226;-0.223,-0.199;-0.247,-0.182;-0.261,-0.167;-0.266,-0.157;-0.272,-0.139;-0.274,-0.130;-0.275,-0.102;-0.274,-0.078;-0.266,-0.052;-0.247,-0.018;-0.203,0.054;-0.166,0.108;-0.134,0.154;-0.108,0.187;-0.092,0.206;-0.084,0.220;-0.083,0.222;-0.083,0.223;-0.085,0.227;-0.092,0.243;-0.097,0.256;-0.103,0.268;-0.109,0.276;-0.124,0.284;-0.138,0.288;-0.152,0.290;-0.161,0.290;-0.170,0.290;-0.188,0.290;-0.202,0.290;-0.214,0.290;-0.222,0.290;-0.226,0.290;-0.226,0.290;-0.226,0.290",416555,20,F,
,,gain,no_pressure,50,1.9633973999880254,True,0.0972983584666457,"0.000,-0.400;0.000,-0.400;0.000,-0.400;0.000,-0.400;0.000,-0.400;0.000,-0.400;0.000,-0.400;0.000,-0.400;0.000,-0.400;0.000,-0.400;0.000,-0.400;0.000,-0.400;0.000,-0.400;0.000,-0.400;0.000,-0.400;0.000,-0.400;0.000,-0.400;0.000,-0.400;0.000,-0.400;0.000,-0.400;0.000,-0.400;0.000,-0.400;-0.001,-0.394;-0.004,-0.377;-0.009,-0.357;-0.011,-0.346;-0.013,-0.339;-0.014,-0.332;-0.016,-0.325;-0.021,-0.314;-0.026,-0.308;-0.031,-0.303;-0.034,-0.301;-0.039,-0.297;-0.044,-0.295;-0.056,-0.292;-0.076,-0.283;-0.119,-0.264;-0.133,-0.256;-0.167,-0.234;-0.183,-0.223;-0.197,-0.212;-0.217,-0.196;-0.232,-0.177;-0.249,-0.157;-0.264,-0.133;-0.278,-0.110;-0.290,-0.087;-0.308,-0.051;-0.319,-0.029;-0.325,-0.013;-0.326,0.002;-0.324,0.009;-0.322,0.013;-0.319,0.016;-0.317,0.020;-0.314,0.025;-0.307,0.039;-0.301,0.051;-0.297,0.059;-0.294,0.078;-0.294,0.092;-0.297,0.108;-0.298,0.123;-0.298,0.136;-0.298,0.148;-0.298,0.163;-0.298,0.172;-0.297,0.180;-0.295,0.187;-0.294,0.189;-0.294,0.189;-0.293,0.189;-0.293,0.189;-0.293,0.189;-0.293,0.189;-0.293,0.189;-0.293,0.189;-0.293,0.189;-0.293,0.189;-0.293,0.189;-0.293,0.189;-0.293,0.189;-0.293,0.189;-0.293,0.189;-0.293,0.189;-0.293,0.189;-0.293,0.189;-0.293,0.189;-0.293,0.189;-0.293,0.189;-0.293,0.189;-0.293,0.189;-0.293,0.189;-0.293,0.189;-0.293,0.189;-0.293,0.189;-0.293,0.189;-0.293,0.189;-0.293,0.189;-0.293,0.189;-0.293,0.189;-0.293,0.189;-0.293,0.189;-0.293,0.189;-0.293,0.189;-0.293,0.189;-0.293,0.189;-0.293,0.189;-0.293,0.189;-0.293,0.189;-0.293,0.189;-0.293,0.189;-0.293,0.189;-0.293,0.189;-0.293,0.189;-0.293,0.189;-0.293,0.189;-0.293,0.189",416555,20,F,
,,gain,no_pressure,75,3.0283350001554936,False,0.18439830542262325,"-0.012,-0.402;-0.012,-0.402;-0.012,-0.402;-0.012,-0.402;-0.012,-0.402;-0.012,-0.402;-0.012,-0.402;-0.012,-0.402;-0.012,-0.402;-0.012,-0.402;-0.012,-0.402;-0.012,-0.402;-0.012,-0.403;-0.011,-0.403;-0.009,-0.405;0.012,-0.427;0.065,-0.469;0.119,-0.499;0.148,-0.499;0.156,-0.499;0.156,-0.499;0.156,-0.499;0.156,-0.499;0.156,-0.499;0.156,-0.499;0.156,-0.499;0.156,-0.499;0.156,-0.499;0.156,-0.499;0.156,-0.499;0.156,-0.499;0.156,-0.499;0.156,-0.499;0.156,-0.499;0.156,-0.499;0.156,-0.499;0.156,-0.499;0.156,-0.499;0.156,-0.499;0.156,-0.499;0.156,-0.499;0.156,-0.499;0.156,-0.499;0.156,-0.499;0.156,-0.499;0.156,-0.499;0.156,-0.499;0.157,-0.482;0.159,-0.456;0.159,-0.448;0.159,-0.448;0.159,-0.448;0.159,-0.448;0.159,-0.448;0.159,-0.448;0.159,-0.448;0.159,-0.448;0.159,-0.448;0.159,-0.448;0.159,-0.448;0.159,-0.448;0.159,-0.448;0.159,-0.448;0.159,-0.448;0.159,-0.448;0.159,-0.448;0.159,-0.448;0.159,-0.448;0.159,-0.448;0.159,-0.448;0.159,-0.448;0.159,-0.448;0.159,-0.448;0.159,-0.448;0.159,-0.448;0.159,-0.448;0.159,-0.448;0.159,-0.448;0.159,-0.448;0.159,-0.448;0.159,-0.448;0.159,-0.448;0.159,-0.448;0.159,-0.448;0.159,-0.448;0.159,-0.448;0.159,-0.448;0.159,-0.448;0.159,-0.448;0.159,-0.448;0.159,-0.448;0.159,-0.448;0.159,-0.448;0.159,-0.448;0.159,-0.448;0.159,-0.448;0.159,-0.448;0.159,-0.448;0.159,-0.448;0.159,-0.448;0.159,-0.448;0.159,-0.448;0.159,-0.448;0.159,-0.448;0.159,-0.448;0.159,-0.448;0.159,-0.448;0.159,-0.448;0.159,-0.448;0.159,-0.448;0.159,-0.448;0.159,-0.448;0.159,-0.448;0.159,-0.448;0.159,-0.448;0.159,-0.448;0.159,-0.448;0.159,-0.448;0.159,-0.448;0.159,-0.448;0.159,-0.448;0.159,-0.448;0.159,-0.448;0.159,-0.448;0.159,-0.448;0.159,-0.448;0.159,-0.448;0.159,-0.448;0.159,-0.448;0.159,-0.448;0.159,-0.448;0.159,-0.448;0.159,-0.448;0.159,-0.448;0.159,-0.448;0.159,-0.448;0.159,-0.448;0.159,-0.448;0.159,-0.448;0.159,-0.448;0.159,-0.448;0.159,-0.448;0.159,-0.448;0.159,-0.448;0.159,-0.448;0.159,-0.448;0.159,-0.448;0.159,-0.448;0.159,-0.448;0.159,-0.448;0.159,-0.448;0.159,-0.448;0.159,-0.447;0.167,-0.431;0.183,-0.401;0.205,-0.359;0.223,-0.320;0.244,-0.277;0.271,-0.211;0.288,-0.158;0.307,-0.106;0.326,-0.058;0.343,-0.016;0.349,0.019;0.351,0.042;0.351,0.063;0.350,0.079;0.349,0.096;0.346,0.104;0.341,0.116;0.336,0.129;0.331,0.141;0.325,0.158;0.322,0.168;0.318,0.178;0.312,0.189;0.299,0.203;0.292,0.211;0.288,0.216;0.285,0.218;0.284,0.219;0.284,0.219;0.284,0.219",416555,20,F,
,,gain,no_pressure,62.5,6.249125299975276,False,0.45823943612124235,"0.025,-0.378;0.025,-0.378;0.025,-0.378;0.025,-0.378;0.025,-0.378;0.025,-0.378;0.025,-0.378;0.025,-0.378;0.025,-0.378;0.025,-0.378;0.025,-0.378;0.025,-0.378;0.025,-0.378;0.024,-0.378;0.021,-0.383;0.016,-0.394;0.006,-0.413;-0.013,-0.442;-0.026,-0.467;-0.026,-0.468;-0.026,-0.468;-0.026,-0.468;-0.026,-0.468;-0.026,-0.468;-0.026,-0.468;-0.026,-0.468;-0.026,-0.468;-0.026,-0.468;-0.026,-0.468;-0.026,-0.468;-0.026,-0.468;-0.026,-0.468;-0.026,-0.468;-0.026,-0.468;-0.026,-0.468;-0.026,-0.468;-0.024,-0.462;-0.016,-0.448;-0.010,-0.438;-0.010,-0.438;-0.010,-0.437;-0.010,-0.437;-0.010,-0.434;-0.009,-0.431;-0.008,-0.426;-0.007,-0.417;-0.007,-0.412;-0.006,-0.407;-0.006,-0.402;-0.006,-0.396;-0.006,-0.394;-0.006,-0.393;-0.006,-0.393;-0.006,-0.393;-0.006,-0.393;-0.006,-0.393;-0.006,-0.393;-0.006,-0.393;-0.006,-0.393;-0.006,-0.393;-0.006,-0.393;-0.006,-0.393;-0.006,-0.393;-0.006,-0.393;-0.006,-0.393;-0.006,-0.393;-0.006,-0.393;-0.006,-0.393;-0.006,-0.393;-0.006,-0.393;-0.006,-0.393;-0.006,-0.393;-0.006,-0.393;-0.006,-0.393;-0.006,-0.393;-0.006,-0.393;-0.006,-0.393;-0.006,-0.393;-0.006,-0.393;-0.006,-0.393;-0.006,-0.393;-0.006,-0.393;-0.006,-0.393;-0.006,-0.393;-0.006,-0.393;-0.006,-0.393;-0.006,-0.393;-0.006,-0.393;-0.006,-0.393;-0.006,-0.393;-0.006,-0.393;-0.006,-0.393;-0.006,-0.393;-0.006,-0.393;-0.006,-0.393;-0.006,-0.393;-0.006,-0.393;-0.006,-0.393;-0.006,-0.393;-0.006,-0.393;-0.006,-0.393;-0.006,-0.393;-0.006,-0.393;-0.006,-0.393;-0.006,-0.393;-0.002,-0.392;0.002,-0.391;0.003,-0.391;0.003,-0.391;0.003,-0.391;0.003,-0.391;0.003,-0.391;0.003,-0.391;0.003,-0.391;0.003,-0.391;0.003,-0.391;0.003,-0.391;0.003,-0.391;0.003,-0.389;0.006,-0.386;0.008,-0.384;0.009,-0.382;0.010,-0.382;0.010,-0.382;0.010,-0.382;0.010,-0.382;0.011,-0.381;0.016,-0.379;0.023,-0.377;0.032,-0.373;0.039,-0.370;0.046,-0.368;0.048,-0.367;0.049,-0.367;0.049,-0.367;0.049,-0.367;0.049,-0.366;0.051,-0.364;0.052,-0.361;0.053,-0.359;0.054,-0.357;0.056,-0.355;0.056,-0.354;0.058,-0.352;0.060,-0.349;0.061,-0.346;0.063,-0.343;0.065,-0.339;0.067,-0.335;0.069,-0.333;0.069,-0.331;0.071,-0.329;0.073,-0.326;0.076,-0.321;0.078,-0.318;0.079,-0.316;0.081,-0.313;0.082,-0.309;0.084,-0.308;0.085,-0.306;0.087,-0.303;0.088,-0.302;0.090,-0.298;0.092,-0.294;0.097,-0.288;0.102,-0.279;0.111,-0.265;0.117,-0.256;0.123,-0.246;0.128,-0.237;0.134,-0.223;0.137,-0.216;0.139,-0.209;0.142,-0.204;0.143,-0.200;0.146,-0.192;0.148,-0.186;0.150,-0.179;0.152,-0.175;0.153,-0.168;0.154,-0.163;0.156,-0.158;0.158,-0.153;0.159,-0.149;0.161,-0.144;0.162,-0.142;0.163,-0.138;0.165,-0.136;0.166,-0.133;0.167,-0.131;0.168,-0.129;0.169,-0.127;0.169,-0.126;0.170,-0.123;0.171,-0.122;0.171,-0.122;0.171,-0.122;0.171,-0.122;0.169,-0.126;0.165,-0.131;0.157,-0.135;0.152,-0.136;0.151,-0.136;0.151,-0.136;0.151,-0.136;0.151,-0.136;0.151,-0.136;0.151,-0.136;0.151,-0.136;0.151,-0.136;0.151,-0.136;0.151,-0.136;0.151,-0.136;0.151,-0.136;0.151,-0.136;0.151,-0.136;0.151,-0.136;0.151,-0.136;0.151,-0.136;0.151,-0.136;0.151,-0.136;0.151,-0.136;0.151,-0.136;0.151,-0.136;0.151,-0.136;0.151,-0.136;0.151,-0.136;0.151,-0.136;0.151,-0.136;0.151,-0.136;0.151,-0.136;0.151,-0.136;0.151,-0.136;0.151,-0.136;0.151,-0.136;0.151,-0.136;0.152,-0.136;0.153,-0.134;0.152,-0.134;0.151,-0.134;0.150,-0.134;0.150,-0.134;0.150,-0.134;0.151,-0.133;0.151,-0.131;0.151,-0.129;0.151,-0.126;0.149,-0.124;0.149,-0.124;0.149,-0.124;0.149,-0.124;0.149,-0.124;0.149,-0.124;0.149,-0.123;0.151,-0.121;0.152,-0.118;0.153,-0.116;0.155,-0.114;0.158,-0.112;0.161,-0.110;0.167,-0.105;0.171,-0.103;0.175,-0.099;0.178,-0.096;0.179,-0.095;0.180,-0.095;0.180,-0.095;0.180,-0.095;0.180,-0.095;0.180,-0.095;0.180,-0.095;0.180,-0.095;0.180,-0.095;0.180,-0.095;0.180,-0.095;0.180,-0.095;0.180,-0.095;0.180,-0.095;0.180,-0.095;0.180,-0.095;0.179,-0.094;0.169,-0.091;0.127,-0.075;0.076,-0.060;0.011,-0.038;-0.059,-0.015;-0.130,0.009;-0.213,0.037;-0.242,0.049;-0.257,0.056;-0.262,0.059;-0.262,0.059;-0.262,0.059;-0.262,0.059;-0.262,0.059;-0.262,0.059;-0.262,0.059;-0.262,0.059;-0.262,0.059;-0.262,0.060;-0.262,0.060;-0.262,0.061;-0.262,0.061;-0.262,0.061;-0.262,0.061;-0.262,0.061;-0.262,0.061;-0.262,0.061;-0.262,0.061;-0.262,0.061;-0.262,0.061;-0.262,0.061;-0.262,0.061;-0.262,0.061;-0.262,0.061;-0.262,0.061;-0.262,0.061;-0.262,0.061;-0.262,0.061;-0.262,0.061;-0.262,0.061;-0.262,0.061;-0.262,0.061;-0.262,0.063;-0.262,0.064;-0.261,0.065;-0.261,0.067;-0.261,0.067;-0.259,0.069;-0.257,0.071;-0.254,0.073;-0.247,0.078;-0.241,0.083;-0.232,0.088;-0.222,0.095;-0.200,0.107;-0.192,0.111;-0.169,0.123;-0.156,0.129;-0.146,0.132;-0.137,0.134;-0.132,0.136;-0.132,0.136;-0.132,0.136;-0.132,0.136;-0.132,0.136;-0.132,0.136;-0.132,0.136;-0.132,0.136;-0.132,0.136;-0.132,0.136;-0.132,0.136;-0.132,0.136;-0.132,0.136;-0.132,0.136;-0.132,0.136;-0.131,0.136;-0.128,0.136;-0.124,0.136;-0.122,0.136;-0.119,0.136;-0.116,0.136;-0.108,0.136;-0.094,0.139;-0.056,0.147;-0.012,0.156;0.055,0.174;0.161,0.208;0.234,0.242;0.291,0.276;0.321,0.303;0.332,0.318;0.335,0.324;0.336,0.327;0.336,0.328;0.336,0.328",416555,20,F,
,,gain,no_pressure,50.0,1.7826554998755455,True,0.05140550666863862,"-0.017,-0.398;-0.017,-0.398;-0.017,-0.398;-0.017,-0.398;-0.017,-0.398;-0.017,-0.398;-0.017,-0.398;-0.017,-0.398;-0.017,-0.398;-0.017,-0.398;-0.017,-0.398;-0.018,-0.398;-0.019,-0.398;-0.022,-0.398;-0.024,-0.398;-0.024,-0.398;-0.024,-0.398;-0.023,-0.398;-0.021,-0.397;-0.018,-0.395;-0.018,-0.395;-0.017,-0.395;-0.017,-0.395;-0.017,-0.395;-0.017,-0.395;-0.017,-0.395;-0.017,-0.395;-0.017,-0.395;-0.017,-0.395;-0.017,-0.395;-0.017,-0.395;-0.017,-0.395;-0.017,-0.395;-0.017,-0.395;-0.017,-0.395;-0.017,-0.395;-0.017,-0.395;-0.017,-0.395;-0.017,-0.395;-0.017,-0.395;-0.017,-0.395;-0.017,-0.395;-0.017,-0.395;-0.017,-0.395;-0.017,-0.395;-0.017,-0.395;-0.017,-0.395;-0.017,-0.395;-0.017,-0.395;-0.017,-0.395;-0.017,-0.395;-0.017,-0.395;-0.017,-0.395;-0.017,-0.395;-0.017,-0.395;-0.017,-0.395;-0.017,-0.395;-0.017,-0.395;-0.017,-0.395;-0.017,-0.395;-0.017,-0.395;-0.018,-0.389;-0.024,-0.362;-0.047,-0.286;-0.117,-0.114;-0.178,0.012;-0.239,0.122;-0.292,0.213;-0.344,0.297;-0.418,0.398;-0.456,0.445;-0.478,0.471;-0.487,0.484;-0.491,0.492;-0.491,0.492;-0.492,0.494;-0.493,0.496;-0.493,0.498;-0.493,0.498;-0.493,0.498;-0.493,0.498;-0.493,0.498;-0.493,0.498;-0.493,0.498;-0.493,0.498;-0.493,0.497;-0.486,0.487;-0.476,0.476;-0.466,0.463;-0.456,0.452;-0.448,0.442;-0.441,0.436;-0.439,0.435;-0.439,0.434;-0.439,0.434;-0.439,0.434;-0.439,0.434;-0.438,0.433;-0.428,0.424;-0.416,0.409;-0.401,0.385;-0.393,0.371;-0.389,0.361;-0.386,0.356;-0.386,0.354;-0.386,0.354;-0.386,0.354;-0.386,0.354",416555,20,F,
,,gain,no_pressure,56.25,2.8302576998248696,True,0.10804803546437715,"0.007,-0.391;0.007,-0.391;0.007,-0.391;0.007,-0.391;0.007,-0.391;0.007,-0.391;0.007,-0.391;0.007,-0.391;0.007,-0.391;0.007,-0.391;0.007,-0.391;0.007,-0.391;0.007,-0.391;0.007,-0.391;0.007,-0.391;0.007,-0.391;0.007,-0.391;0.007,-0.391;0.007,-0.391;0.007,-0.391;0.007,-0.391;0.007,-0.391;0.007,-0.391;0.007,-0.391;0.007,-0.391;0.008,-0.390;0.013,-0.387;0.020,-0.381;0.023,-0.378;0.026,-0.376;0.027,-0.373;0.028,-0.372;0.029,-0.369;0.030,-0.368;0.030,-0.368;0.030,-0.366;0.028,-0.366;0.028,-0.366;0.028,-0.366;0.028,-0.365;0.028,-0.365;0.028,-0.365;0.028,-0.365;0.028,-0.365;0.028,-0.365;0.028,-0.365;0.028,-0.365;0.028,-0.365;0.028,-0.365;0.028,-0.365;0.028,-0.365;0.028,-0.365;0.028,-0.365;0.028,-0.365;0.028,-0.365;0.028,-0.365;0.028,-0.365;0.028,-0.365;0.028,-0.365;0.028,-0.365;0.028,-0.365;0.028,-0.365;0.028,-0.365;0.028,-0.365;0.028,-0.365;0.028,-0.365;0.028,-0.365;0.028,-0.365;0.028,-0.365;0.028,-0.365;0.028,-0.365;0.028,-0.365;0.028,-0.365;0.028,-0.365;0.028,-0.365;0.028,-0.365;0.028,-0.365;0.028,-0.365;0.028,-0.365;0.028,-0.365;0.028,-0.365;0.028,-0.365;0.028,-0.365;0.028,-0.365;0.028,-0.365;0.028,-0.365;0.028,-0.365;0.028,-0.365;0.028,-0.365;0.028,-0.365;0.028,-0.365;0.028,-0.365;0.028,-0.365;0.028,-0.365;0.028,-0.365;0.028,-0.365;0.028,-0.365;0.028,-0.365;0.028,-0.365;0.028,-0.365;0.031,-0.361;0.041,-0.352;0.051,-0.341;0.066,-0.324;0.077,-0.310;0.089,-0.294;0.101,-0.275;0.119,-0.236;0.133,-0.207;0.149,-0.172;0.161,-0.142;0.167,-0.115;0.168,-0.091;0.169,-0.060;0.171,-0.039;0.170,-0.022;0.170,-0.011;0.167,0.003;0.167,0.013;0.167,0.024;0.167,0.034;0.167,0.047;0.167,0.054;0.167,0.061;0.168,0.069;0.169,0.082;0.170,0.088;0.171,0.091;0.172,0.095;0.176,0.101;0.179,0.106;0.186,0.116;0.190,0.124;0.195,0.132;0.199,0.142;0.203,0.149;0.205,0.159;0.207,0.167;0.208,0.175;0.208,0.181;0.209,0.183;0.210,0.184;0.211,0.186;0.211,0.187;0.212,0.187;0.212,0.187;0.212,0.187;0.212,0.187;0.212,0.187;0.212,0.187;0.212,0.187;0.212,0.187;0.212,0.187;0.212,0.187;0.212,0.187;0.212,0.187;0.212,0.187;0.212,0.187;0.212,0.187;0.212,0.187;0.212,0.187;0.212,0.187;0.212,0.187;0.212,0.187;0.212,0.187;0.212,0.187;0.212,0.187;0.212,0.187;0.212,0.187;0.212,0.187;0.212,0.187",416555,20,F,
,,gain,no_pressure,62.5,3.3308655999135226,False,0.4431485434128887,"-0.037,-0.418;-0.037,-0.418;-0.037,-0.418;-0.037,-0.418;-0.037,-0.418;-0.037,-0.418;-0.037,-0.418;-0.037,-0.418;-0.037,-0.418;-0.037,-0.418;-0.037,-0.418;-0.037,-0.418;-0.037,-0.418;-0.037,-0.418;-0.037,-0.418;-0.037,-0.418;-0.037,-0.418;-0.037,-0.418;-0.037,-0.418;-0.037,-0.418;-0.037,-0.418;-0.037,-0.418;-0.037,-0.418;-0.037,-0.418;-0.037,-0.418;-0.039,-0.419;-0.046,-0.426;-0.051,-0.429;-0.052,-0.429;-0.052,-0.429;-0.052,-0.429;-0.052,-0.429;-0.052,-0.429;-0.052,-0.429;-0.052,-0.429;-0.052,-0.429;-0.052,-0.429;-0.052,-0.429;-0.052,-0.429;-0.052,-0.429;-0.052,-0.429;-0.052,-0.429;-0.052,-0.429;-0.052,-0.429;-0.052,-0.429;-0.052,-0.429;-0.052,-0.429;-0.052,-0.429;-0.043,-0.417;-0.004,-0.366;0.047,-0.274;0.097,-0.102;0.103,-0.041;0.114,0.132;0.116,0.221;0.116,0.269;0.116,0.289;0.116,0.290;0.116,0.290;0.116,0.290;0.116,0.290;0.116,0.290;0.116,0.290;0.116,0.290;0.116,0.290;0.116,0.290;0.116,0.290;0.116,0.290;0.116,0.290;0.116,0.290;0.116,0.290;0.114,0.290;0.104,0.287;0.086,0.283;0.060,0.277;0.051,0.276;0.044,0.276;0.032,0.276;0.017,0.274;0.003,0.273;0.002,0.272;0.002,0.272;0.002,0.272;0.002,0.272;0.002,0.272;0.002,0.272;0.002,0.272;0.002,0.272;0.002,0.272;0.002,0.272;0.002,0.272;0.002,0.272;0.002,0.272;0.002,0.272;0.002,0.272;0.002,0.272;0.002,0.272;0.002,0.272;0.002,0.272;0.002,0.272;0.002,0.272;0.002,0.272;0.002,0.272;0.002,0.272;0.002,0.272;0.002,0.272;0.002,0.272;0.002,0.272;0.002,0.272;0.002,0.272;0.002,0.272;0.002,0.272;0.002,0.272;0.002,0.272;0.002,0.272;0.002,0.272;0.002,0.272;0.002,0.272;0.002,0.272;0.002,0.272;0.002,0.272;0.002,0.272;0.002,0.272;0.002,0.272;0.002,0.272;0.002,0.272;0.002,0.272;0.002,0.272;0.002,0.272;0.002,0.272;0.002,0.272;0.002,0.272;0.002,0.272;0.002,0.272;0.002,0.272;0.002,0.272;0.002,0.272;0.002,0.272;0.002,0.272;0.002,0.272;0.002,0.272;0.002,0.272;0.002,0.272;0.002,0.272;0.001,0.272;0.001,0.272;-0.009,0.271;-0.023,0.268;-0.042,0.266;-0.059,0.264;-0.092,0.263;-0.113,0.262;-0.129,0.262;-0.142,0.262;-0.149,0.262;-0.159,0.263;-0.164,0.263;-0.170,0.263;-0.176,0.263;-0.182,0.264;-0.187,0.264;-0.190,0.265;-0.192,0.265;-0.192,0.265;-0.192,0.265;-0.192,0.265;-0.192,0.265;-0.192,0.265;-0.192,0.265;-0.192,0.265;-0.192,0.265;-0.192,0.265;-0.192,0.265;-0.192,0.265;-0.192,0.265;-0.192,0.265;-0.192,0.265;-0.192,0.265;-0.192,0.265;-0.192,0.265;-0.192,0.265;-0.192,0.265;-0.192,0.265;-0.192,0.265;-0.192,0.265;-0.192,0.265;-0.192,0.265;-0.192,0.265;-0.192,0.265;-0.192,0.265;-0.192,0.265;-0.192,0.265;-0.192,0.265;-0.192,0.265;-0.192,0.265;-0.192,0.265;-0.192,0.265;-0.192,0.265;-0.192,0.265;-0.192,0.265;-0.192,0.265",416555,20,F,
,,gain,no_pressure,59.375,4.932057099882513,True,0.5474755368395895,"-0.013,-0.383;-0.013,-0.383;-0.013,-0.383;-0.013,-0.383;-0.013,-0.383;-0.013,-0.383;-0.013,-0.383;-0.013,-0.383;-0.013,-0.383;-0.013,-0.383;-0.013,-0.383;-0.013,-0.383;-0.013,-0.383;-0.013,-0.383;-0.012,-0.387;-0.012,-0.392;-0.007,-0.401;0.000,-0.413;0.005,-0.424;0.007,-0.428;0.007,-0.428;0.007,-0.428;0.007,-0.428;0.007,-0.428;0.007,-0.428;0.007,-0.428;0.007,-0.428;0.007,-0.428;0.007,-0.428;0.007,-0.428;0.007,-0.428;0.007,-0.428;0.007,-0.428;0.007,-0.428;0.007,-0.428;0.007,-0.428;0.007,-0.428;0.007,-0.428;0.006,-0.422;-0.011,-0.402;-0.069,-0.358;-0.108,-0.318;-0.127,-0.283;-0.129,-0.259;-0.127,-0.241;-0.119,-0.219;-0.110,-0.198;-0.095,-0.174;-0.078,-0.144;-0.045,-0.096;-0.025,-0.068;-0.006,-0.045;0.011,-0.023;0.026,-0.002;0.045,0.026;0.054,0.044;0.064,0.060;0.073,0.075;0.087,0.092;0.094,0.099;0.099,0.102;0.100,0.104;0.101,0.104;0.101,0.104;0.101,0.104;0.101,0.104;0.101,0.104;0.101,0.104;0.101,0.104;0.101,0.104;0.101,0.104;0.101,0.104;0.101,0.104;0.101,0.104;0.101,0.104;0.101,0.104;0.101,0.104;0.101,0.104;0.101,0.104;0.101,0.104;0.101,0.104;0.101,0.104;0.101,0.104;0.101,0.104;0.101,0.104;0.101,0.104;0.101,0.104;0.101,0.104;0.101,0.104;0.101,0.104;0.101,0.104;0.101,0.104;0.101,0.104;0.101,0.104;0.101,0.104;0.101,0.104;0.099,0.104;0.094,0.105;0.084,0.109;0.061,0.117;0.042,0.123;0.021,0.128;-0.004,0.132;-0.049,0.140;-0.082,0.144;-0.117,0.149;-0.156,0.153;-0.196,0.159;-0.252,0.166;-0.272,0.169;-0.277,0.169;-0.277,0.170;-0.277,0.170;-0.277,0.170;-0.277,0.170;-0.277,0.170;-0.277,0.170;-0.277,0.170;-0.277,0.170;-0.277,0.170;-0.277,0.170;-0.277,0.170;-0.277,0.170;-0.277,0.170;-0.277,0.170;-0.277,0.170;-0.277,0.170;-0.277,0.170;-0.277,0.170;-0.277,0.170;-0.277,0.170;-0.277,0.170;-0.277,0.170;-0.277,0.170;-0.277,0.170;-0.277,0.170;-0.277,0.170;-0.277,0.170;-0.277,0.170;-0.277,0.170;-0.277,0.170;-0.277,0.170;-0.277,0.170;-0.277,0.170;-0.277,0.170;-0.277,0.170;-0.277,0.170;-0.277,0.170;-0.277,0.170;-0.277,0.170;-0.277,0.170;-0.277,0.170;-0.277,0.170;-0.277,0.170;-0.277,0.170;-0.277,0.170;-0.277,0.170;-0.277,0.170;-0.277,0.170;-0.277,0.170;-0.277,0.170;-0.277,0.170;-0.277,0.170;-0.277,0.170;-0.277,0.170;-0.277,0.170;-0.277,0.170;-0.277,0.170;-0.277,0.170;-0.277,0.170;-0.277,0.170;-0.277,0.170;-0.277,0.170;-0.277,0.170;-0.277,0.170;-0.277,0.170;-0.277,0.170;-0.277,0.170;-0.277,0.170;-0.277,0.170;-0.277,0.170;-0.277,0.170;-0.277,0.170;-0.277,0.170;-0.277,0.170;-0.277,0.170;-0.277,0.170;-0.277,0.170;-0.277,0.170;-0.277,0.170;-0.277,0.170;-0.277,0.170;-0.277,0.170;-0.277,0.170;-0.277,0.170;-0.277,0.170;-0.277,0.170;-0.277,0.170;-0.277,0.170;-0.277,0.170;-0.277,0.170;-0.277,0.170;-0.277,0.170;-0.277,0.170;-0.277,0.170;-0.277,0.170;-0.277,0.170;-0.277,0.170;-0.277,0.170;-0.277,0.170;-0.277,0.170;-0.277,0.170;-0.277,0.170;-0.271,0.171;-0.251,0.173;-0.198,0.183;-0.155,0.190;-0.116,0.194;-0.088,0.196;-0.066,0.196;-0.049,0.196;-0.035,0.196;-0.032,0.196;-0.032,0.196;-0.032,0.196;-0.032,0.196;-0.032,0.196;-0.032,0.196;-0.032,0.196;-0.032,0.196;-0.032,0.196;-0.032,0.196;-0.031,0.196;-0.027,0.195;-0.026,0.194;-0.024,0.194;-0.022,0.193;-0.018,0.193;-0.016,0.193;-0.013,0.193;-0.012,0.193;-0.011,0.193;-0.010,0.193;-0.010,0.193;-0.009,0.193;-0.008,0.195;-0.006,0.197;-0.004,0.198;-0.004,0.199;-0.003,0.201;0.001,0.203;0.005,0.205;0.009,0.207;0.015,0.210;0.019,0.212;0.033,0.216;0.077,0.222;0.122,0.228;0.173,0.233;0.213,0.234;0.253,0.234;0.264,0.234;0.268,0.234;0.268,0.234;0.268,0.234;0.268,0.234;0.268,0.234;0.268,0.234;0.268,0.234;0.268,0.234;0.268,0.234;0.268,0.234;0.268,0.234;0.268,0.234;0.268,0.234;0.268,0.234;0.268,0.234;0.261,0.234;0.230,0.237;0.199,0.238;0.165,0.238;0.116,0.239;0.051,0.241;-0.052,0.251;-0.114,0.257;-0.166,0.264;-0.202,0.268;-0.239,0.272;-0.254,0.273;-0.262,0.273;-0.266,0.273;-0.266,0.273;-0.266,0.273;-0.266,0.273;-0.267,0.274;-0.268,0.274;-0.269,0.275",416555,20,F,
,,gain,no_pressure,60.9375,1.1143624000251293,False,0.1702032191307471,"-0.039,-0.381;-0.039,-0.381;-0.039,-0.381;-0.039,-0.381;-0.039,-0.381;-0.039,-0.381;-0.039,-0.381;-0.039,-0.381;-0.039,-0.381;-0.039,-0.381;-0.039,-0.381;-0.039,-0.381;-0.039,-0.381;-0.039,-0.381;-0.039,-0.381;-0.039,-0.381;-0.039,-0.381;-0.039,-0.381;-0.036,-0.377;-0.024,-0.369;-0.006,-0.358;0.036,-0.338;0.073,-0.318;0.113,-0.298;0.158,-0.270;0.235,-0.212;0.260,-0.191;0.334,-0.122;0.371,-0.082;0.396,-0.051;0.410,-0.026;0.419,0.003;0.421,0.017;0.420,0.028;0.417,0.040;0.413,0.049;0.407,0.057;0.401,0.067;0.394,0.074;0.379,0.088;0.367,0.096;0.354,0.104;0.341,0.112;0.319,0.125;0.306,0.133;0.297,0.139;0.292,0.142;0.289,0.144;0.287,0.147;0.284,0.150;0.282,0.153;0.280,0.157;0.277,0.161;0.273,0.168;0.272,0.173;0.270,0.178;0.269,0.181;0.269,0.182;0.269,0.182;0.269,0.183;0.269,0.184;0.269,0.185;0.269,0.186;0.269,0.186;0.269,0.186;0.269,0.186;0.269,0.186;0.269,0.186",416555,20,F,
,,gain,no_pressure,59.9375,3.2982220000121742,True,0.48394218945556167,"-0.032,-0.412;-0.032,-0.412;-0.032,-0.412;-0.032,-0.412;-0.032,-0.412;-0.032,-0.412;-0.032,-0.412;-0.032,-0.412;-0.032,-0.412;-0.032,-0.412;-0.032,-0.412;-0.032,-0.412;-0.032,-0.412;-0.032,-0.412;-0.032,-0.412;-0.032,-0.412;-0.032,-0.412;-0.032,-0.412;-0.032,-0.412;-0.032,-0.412;-0.032,-0.412;-0.032,-0.412;-0.032,-0.412;-0.032,-0.412;-0.032,-0.412;-0.032,-0.412;-0.032,-0.412;-0.032,-0.412;-0.032,-0.412;-0.032,-0.412;-0.032,-0.412;-0.032,-0.412;-0.032,-0.412;-0.032,-0.412;-0.032,-0.412;-0.032,-0.412;-0.032,-0.412;-0.032,-0.412;-0.032,-0.412;-0.032,-0.412;-0.032,-0.412;-0.032,-0.412;-0.032,-0.412;-0.032,-0.412;-0.032,-0.412;-0.032,-0.412;-0.032,-0.412;-0.032,-0.412;-0.032,-0.412;-0.032,-0.412;-0.032,-0.412;-0.032,-0.412;-0.034,-0.402;-0.037,-0.389;-0.043,-0.374;-0.056,-0.338;-0.073,-0.296;-0.097,-0.233;-0.123,-0.171;-0.141,-0.121;-0.153,-0.086;-0.165,-0.042;-0.170,-0.015;-0.172,0.009;-0.177,0.032;-0.184,0.053;-0.194,0.087;-0.199,0.107;-0.204,0.124;-0.207,0.135;-0.209,0.144;-0.211,0.152;-0.211,0.154;-0.212,0.156;-0.212,0.157;-0.212,0.157;-0.212,0.157;-0.212,0.157;-0.212,0.157;-0.212,0.157;-0.212,0.157;-0.212,0.157;-0.212,0.157;-0.212,0.157;-0.212,0.157;-0.212,0.157;-0.212,0.157;-0.212,0.157;-0.212,0.157;-0.212,0.157;-0.211,0.157;-0.202,0.158;-0.189,0.159;-0.176,0.161;-0.161,0.163;-0.144,0.166;-0.109,0.168;-0.084,0.171;-0.056,0.173;-0.023,0.177;0.043,0.186;0.098,0.194;0.143,0.198;0.174,0.201;0.198,0.203;0.211,0.205;0.212,0.205;0.212,0.205;0.212,0.205;0.212,0.205;0.212,0.205;0.212,0.205;0.212,0.205;0.212,0.205;0.212,0.205;0.212,0.205;0.212,0.205;0.212,0.205;0.212,0.205;0.212,0.205;0.212,0.205;0.212,0.205;0.212,0.205;0.212,0.205;0.212,0.205;0.212,0.205;0.212,0.205;0.212,0.205;0.212,0.205;0.211,0.205;0.211,0.205;0.211,0.205;0.211,0.205;0.211,0.205;0.211,0.205;0.211,0.205;0.211,0.205;0.211,0.205;0.211,0.205;0.211,0.205;0.211,0.205;0.211,0.205;0.211,0.205;0.211,0.205;0.211,0.205;0.211,0.205;0.211,0.205;0.211,0.205;0.211,0.205;0.211,0.205;0.211,0.205;0.211,0.205;0.211,0.205;0.211,0.205;0.211,0.205;0.211,0.205;0.211,0.205;0.211,0.205;0.211,0.205;0.211,0.205;0.211,0.205;0.211,0.205;0.210,0.204;0.208,0.204;0.194,0.203;0.176,0.202;0.151,0.202;0.121,0.202;0.083,0.202;0.072,0.202;0.067,0.201;0.064,0.201;0.062,0.200;0.061,0.199;0.061,0.199;0.061,0.199;0.057,0.199;0.025,0.203;-0.004,0.207;-0.041,0.211;-0.082,0.215;-0.131,0.222;-0.193,0.229;-0.224,0.232;-0.245,0.235;-0.256,0.236;-0.259,0.237;-0.259,0.237;-0.259,0.237;-0.259,0.237;-0.259,0.237;-0.259,0.237;-0.259,0.237;-0.259,0.237;-0.259,0.237;-0.259,0.237;-0.259,0.237;-0.259,0.237;-0.259,0.237",416555,20,F,
,,gain,high_pressure,50,1.1467615000437945,True,0.494071692780347,"0.000,-0.400;0.000,-0.400;0.000,-0.400;0.000,-0.400;0.000,-0.400;0.000,-0.400;0.000,-0.400;0.000,-0.400;0.000,-0.400;0.000,-0.400;0.000,-0.400;0.000,-0.400;0.000,-0.400;0.000,-0.400;0.000,-0.400;0.000,-0.400;0.000,-0.400;0.000,-0.400;0.000,-0.400;0.000,-0.400;0.000,-0.400;0.000,-0.400;0.000,-0.400;0.000,-0.400;0.000,-0.400;0.000,-0.400;0.000,-0.400;0.000,-0.400;0.000,-0.400;0.000,-0.400;0.000,-0.400;0.000,-0.400;0.000,-0.400;0.000,-0.400;0.000,-0.400;0.000,-0.400;0.000,-0.400;0.000,-0.400;-0.001,-0.397;-0.024,-0.358;-0.058,-0.314;-0.103,-0.274;-0.154,-0.233;-0.225,-0.157;-0.261,-0.096;-0.282,-0.023;-0.289,0.040;-0.288,0.086;-0.257,0.147;-0.214,0.183;-0.153,0.217;-0.067,0.247;0.073,0.283;0.147,0.298;0.203,0.309;0.251,0.322;0.268,0.326;0.276,0.329;0.279,0.331;0.280,0.331;0.280,0.331;0.280,0.332;0.283,0.335;0.292,0.340;0.302,0.344;0.306,0.346;0.307,0.346;0.307,0.346;0.307,0.346;0.307,0.346",416555,20,F,
,,gain,high_pressure,75,1.06447790004313,False,0.7200216342903552,"-0.035,-0.366;-0.035,-0.366;-0.035,-0.366;-0.035,-0.366;-0.035,-0.366;-0.035,-0.366;-0.035,-0.366;-0.035,-0.366;-0.035,-0.366;-0.035,-0.366;-0.035,-0.366;-0.035,-0.366;-0.035,-0.366;-0.035,-0.366;-0.035,-0.366;-0.035,-0.366;-0.035,-0.366;-0.035,-0.366;-0.035,-0.366;-0.035,-0.366;-0.035,-0.364;-0.042,-0.353;-0.056,-0.328;-0.063,-0.298;-0.072,-0.236;-0.078,-0.184;-0.080,-0.135;-0.074,-0.083;-0.052,-0.026;-0.029,0.003;0.014,0.033;0.079,0.072;0.173,0.121;0.343,0.194;0.427,0.221;0.462,0.229;0.468,0.230;0.469,0.230;0.469,0.230;0.469,0.230;0.469,0.231;0.468,0.232;0.463,0.235;0.459,0.237;0.454,0.238;0.444,0.241;0.409,0.244;0.373,0.248;0.329,0.251;0.268,0.252;0.239,0.251;0.114,0.246;0.003,0.243;-0.100,0.241;-0.197,0.241;-0.317,0.241;-0.387,0.241;-0.436,0.239;-0.466,0.239;-0.476,0.239;-0.478,0.239;-0.478,0.239;-0.478,0.239;-0.478,0.239;-0.478,0.239",416555,20,F,
,,gain,high_pressure,62.5,1.5820940998382866,False,0.40800536861261294,"-0.053,-0.383;-0.053,-0.383;-0.053,-0.383;-0.053,-0.383;-0.053,-0.383;-0.053,-0.383;-0.053,-0.383;-0.053,-0.383;-0.053,-0.383;-0.053,-0.383;-0.053,-0.383;-0.053,-0.383;-0.053,-0.383;-0.053,-0.383;-0.053,-0.383;-0.049,-0.383;-0.031,-0.377;-0.012,-0.369;0.012,-0.359;0.058,-0.336;0.091,-0.314;0.126,-0.288;0.158,-0.260;0.179,-0.229;0.186,-0.197;0.151,-0.122;0.086,-0.060;0.010,-0.004;-0.114,0.063;-0.197,0.096;-0.278,0.120;-0.362,0.142;-0.449,0.166;-0.567,0.197;-0.593,0.205;-0.599,0.207;-0.599,0.207;-0.599,0.207;-0.599,0.207;-0.594,0.209;-0.579,0.215;-0.557,0.220;-0.508,0.227;-0.463,0.233;-0.403,0.241;-0.336,0.249;-0.270,0.257;-0.202,0.264;-0.174,0.268;-0.149,0.271;-0.123,0.279;-0.097,0.287;-0.093,0.289;-0.092,0.289;-0.092,0.289;-0.092,0.289;-0.092,0.289;-0.087,0.291;-0.072,0.293;-0.051,0.294;-0.010,0.294;0.022,0.293;0.052,0.291;0.072,0.288;0.077,0.288;0.077,0.287;0.074,0.283;0.057,0.272;0.008,0.252;-0.152,0.221;-0.289,0.209;-0.416,0.207;-0.531,0.211;-0.606,0.218;-0.641,0.226;-0.643,0.226;-0.643,0.226;-0.643,0.226;-0.643,0.226;-0.643,0.226;-0.643,0.226;-0.643,0.226;-0.643,0.226;-0.643,0.226;-0.642,0.227;-0.631,0.228;-0.594,0.237;-0.501,0.243;-0.447,0.243;-0.406,0.243;-0.379,0.243;-0.363,0.243;-0.352,0.244;-0.348,0.246;-0.347,0.246;-0.347,0.246",416555,20,F,
,,gain,high_pressure,50.0,1.0306919999420643,True,0.6357469229555762,"-0.002,-0.441;-0.002,-0.441;-0.002,-0.441;-0.002,-0.441;-0.002,-0.441;-0.002,-0.441;-0.002,-0.441;-0.002,-0.441;-0.002,-0.441;-0.002,-0.441;-0.002,-0.441;-0.002,-0.441;-0.002,-0.441;-0.002,-0.441;-0.002,-0.441;-0.002,-0.441;-0.002,-0.441;0.000,-0.438;0.018,-0.398;0.058,-0.341;0.123,-0.272;0.248,-0.160;0.291,-0.121;0.407,-0.018;0.456,0.029;0.471,0.047;0.474,0.051;0.474,0.051;0.468,0.053;0.443,0.059;0.403,0.071;0.356,0.087;0.266,0.111;0.203,0.126;0.163,0.133;0.142,0.138;0.132,0.142;0.132,0.143;0.132,0.147;0.138,0.154;0.152,0.171;0.162,0.182;0.171,0.189;0.187,0.196;0.211,0.201;0.242,0.201;0.246,0.201;0.243,0.201;0.227,0.197;0.150,0.186;0.074,0.182;-0.021,0.186;-0.137,0.194;-0.304,0.218;-0.388,0.227;-0.457,0.237;-0.510,0.239;-0.540,0.242;-0.552,0.243;-0.553,0.243;-0.553,0.243;-0.553,0.243;-0.553,0.243",416555,20,F,
,,gain,high_pressure,56.25,0.8831633999943733,False,0.05002734295098073,"0.003,-0.420;0.003,-0.420;0.003,-0.420;0.003,-0.420;0.003,-0.420;0.003,-0.420;0.003,-0.420;0.003,-0.420;0.003,-0.420;0.002,-0.420;-0.002,-0.421;-0.014,-0.427;-0.022,-0.433;-0.033,-0.450;-0.053,-0.477;-0.073,-0.499;-0.073,-0.499;-0.073,-0.499;-0.073,-0.499;-0.073,-0.499;-0.073,-0.499;-0.073,-0.499;-0.073,-0.499;-0.073,-0.499;-0.073,-0.499;-0.073,-0.499;-0.073,-0.499;-0.073,-0.499;-0.073,-0.499;-0.073,-0.499;-0.073,-0.499;-0.073,-0.499;-0.073,-0.499;-0.057,-0.473;0.008,-0.384;0.086,-0.281;0.164,-0.181;0.232,-0.087;0.301,0.026;0.324,0.083;0.336,0.119;0.339,0.144;0.339,0.165;0.337,0.171;0.336,0.177;0.334,0.182;0.334,0.187;0.334,0.191;0.334,0.191;0.334,0.194;0.334,0.203;0.333,0.220;0.332,0.225;0.329,0.224",416555,20,F,
,,gain,high_pressure,53.125,0.7953311000019312,False,0.45961759983890027,"-0.023,-0.448;-0.023,-0.448;-0.023,-0.448;-0.023,-0.448;-0.023,-0.448;-0.023,-0.448;-0.023,-0.448;-0.023,-0.448;-0.023,-0.448;-0.023,-0.448;-0.023,-0.448;-0.023,-0.448;-0.023,-0.448;-0.023,-0.448;-0.023,-0.448;-0.023,-0.448;-0.023,-0.447;-0.010,-0.419;0.036,-0.357;0.109,-0.276;0.191,-0.197;0.261,-0.126;0.312,-0.058;0.316,-0.032;0.306,-0.008;0.271,0.018;0.201,0.043;0.049,0.074;-0.066,0.094;-0.184,0.118;-0.339,0.154;-0.426,0.177;-0.487,0.196;-0.520,0.209;-0.529,0.217;-0.529,0.218;-0.529,0.221;-0.529,0.223;-0.529,0.223;-0.529,0.223;-0.529,0.224;-0.526,0.229;-0.522,0.237;-0.518,0.243;-0.517,0.244;-0.516,0.246;-0.516,0.246;-0.514,0.247;-0.514,0.247",416555,20,F,
,,gain,high_pressure,50.0,0.6949589001014829,False,0.5033053896886548,"0.023,-0.428;0.023,-0.428;0.023,-0.428;0.023,-0.428;0.023,-0.428;0.023,-0.428;0.023,-0.428;0.023,-0.428;0.023,-0.428;0.023,-0.428;0.023,-0.428;0.023,-0.428;0.023,-0.428;0.022,-0.424;0.022,-0.411;0.027,-0.383;0.048,-0.332;0.093,-0.255;0.149,-0.176;0.233,-0.074;0.270,-0.017;0.289,0.033;0.292,0.090;0.287,0.113;0.272,0.132;0.232,0.157;0.101,0.201;-0.021,0.221;-0.148,0.230;-0.272,0.232;-0.381,0.234;-0.495,0.234;-0.517,0.236;-0.522,0.236;-0.522,0.236;-0.522,0.236;-0.522,0.236;-0.522,0.236;-0.522,0.236;-0.522,0.236;-0.522,0.236;-0.522,0.236;-0.522,0.236",416555,20,F,
,,gain,high_pressure,46.875,0.8812840001191944,True,0.5999835744823544,"-0.003,-0.404;-0.003,-0.404;-0.003,-0.404;-0.003,-0.404;-0.003,-0.404;-0.003,-0.404;-0.003,-0.404;-0.003,-0.404;-0.003,-0.404;-0.003,-0.404;-0.003,-0.404;-0.003,-0.404;-0.003,-0.404;-0.003,-0.404;-0.003,-0.404;-0.003,-0.404;-0.001,-0.400;0.006,-0.387;0.021,-0.365;0.044,-0.332;0.074,-0.287;0.107,-0.241;0.151,-0.179;0.184,-0.125;0.222,-0.052;0.288,0.091;0.322,0.169;0.334,0.202;0.338,0.213;0.338,0.216;0.338,0.217;0.338,0.217;0.338,0.217;0.338,0.217;0.338,0.217;0.336,0.217;0.329,0.215;0.309,0.209;0.273,0.203;0.153,0.193;0.050,0.191;-0.053,0.193;-0.151,0.199;-0.248,0.203;-0.379,0.211;-0.454,0.218;-0.506,0.224;-0.527,0.229;-0.532,0.231;-0.532,0.231;-0.532,0.231;-0.532,0.231;-0.532,0.231;-0.532,0.231",416555,20,F,
,,gain,high_pressure,48.4375,1.031496899900958,True,0.2885185742916755,"-0.024,-0.373;-0.024,-0.373;-0.024,-0.373;-0.024,-0.374;-0.024,-0.374;-0.024,-0.374;-0.024,-0.374;-0.024,-0.374;-0.024,-0.374;-0.024,-0.374;-0.024,-0.374;-0.024,-0.374;-0.024,-0.374;-0.017,-0.385;-0.012,-0.398;-0.010,-0.413;-0.007,-0.458;0.012,-0.499;0.051,-0.499;0.088,-0.499;0.109,-0.499;0.123,-0.499;0.118,-0.499;0.104,-0.499;0.086,-0.499;0.067,-0.499;0.047,-0.492;0.045,-0.475;0.048,-0.443;0.067,-0.374;0.098,-0.326;0.139,-0.285;0.181,-0.251;0.207,-0.227;0.217,-0.202;0.209,-0.185;0.181,-0.159;0.104,-0.114;-0.022,-0.060;-0.266,0.019;-0.421,0.057;-0.546,0.086;-0.616,0.108;-0.636,0.136;-0.626,0.160;-0.605,0.188;-0.584,0.208;-0.570,0.221;-0.562,0.228;-0.562,0.229;-0.561,0.230;-0.560,0.232;-0.559,0.232;-0.559,0.232;-0.559,0.232;-0.559,0.232;-0.557,0.232;-0.547,0.233;-0.539,0.233;-0.532,0.233;-0.520,0.234;-0.509,0.236;-0.501,0.236",416555,20,F,
,,gain,high_pressure,50.0,1.4135668999515474,False,0.36479993606403865,"-0.054,-0.419;-0.054,-0.419;-0.054,-0.419;-0.054,-0.419;-0.054,-0.419;-0.054,-0.419;-0.054,-0.419;-0.054,-0.419;-0.054,-0.419;-0.054,-0.419;-0.052,-0.419;-0.053,-0.422;-0.059,-0.435;-0.061,-0.465;-0.051,-0.499;-0.051,-0.499;-0.051,-0.499;-0.051,-0.499;-0.051,-0.499;-0.051,-0.499;-0.051,-0.499;-0.051,-0.499;-0.051,-0.499;-0.051,-0.499;-0.051,-0.499;-0.051,-0.499;-0.051,-0.499;-0.051,-0.499;-0.051,-0.499;-0.051,-0.499;-0.051,-0.499;-0.051,-0.499;-0.051,-0.499;-0.049,-0.498;-0.027,-0.481;0.041,-0.429;0.138,-0.361;0.306,-0.249;0.413,-0.182;0.505,-0.129;0.574,-0.083;0.628,-0.037;0.639,-0.017;0.641,-0.001;0.638,0.014;0.632,0.030;0.619,0.057;0.613,0.076;0.609,0.091;0.608,0.099;0.608,0.103;0.607,0.104;0.606,0.104;0.598,0.110;0.582,0.118;0.528,0.135;0.457,0.150;0.362,0.173;0.262,0.202;0.165,0.231;0.141,0.238;0.131,0.242;0.128,0.242;0.128,0.242;0.128,0.243;0.128,0.243;0.128,0.245;0.129,0.245;0.129,0.245;0.129,0.245;0.129,0.245;0.129,0.245;0.129,0.245;0.129,0.245;0.132,0.246;0.143,0.250;0.163,0.256;0.194,0.258;0.208,0.258;0.214,0.258;0.216,0.258;0.216,0.258;0.218,0.258;0.221,0.259;0.222,0.259;0.224,0.259",416555,20,F,
,,gain,high_pressure,49.0,1.4478794001042843,True,0.4762244726366776,"-0.008,-0.421;-0.008,-0.421;-0.008,-0.421;-0.008,-0.421;-0.008,-0.422;-0.008,-0.422;-0.008,-0.422;-0.008,-0.422;-0.008,-0.422;-0.008,-0.422;-0.008,-0.422;-0.011,-0.423;-0.014,-0.424;-0.017,-0.426;-0.042,-0.440;-0.078,-0.458;-0.093,-0.469;-0.095,-0.470;-0.095,-0.470;-0.095,-0.470;-0.095,-0.470;-0.095,-0.470;-0.095,-0.470;-0.095,-0.470;-0.095,-0.470;-0.095,-0.470;-0.095,-0.470;-0.095,-0.470;-0.095,-0.470;-0.095,-0.470;-0.095,-0.470;-0.095,-0.470;-0.095,-0.470;-0.095,-0.470;-0.095,-0.470;-0.095,-0.470;-0.095,-0.470;-0.095,-0.470;-0.095,-0.470;-0.095,-0.470;-0.095,-0.470;-0.071,-0.437;0.008,-0.331;0.106,-0.212;0.191,-0.099;0.242,0.018;0.221,0.074;0.152,0.134;0.049,0.187;-0.057,0.226;-0.153,0.252;-0.171,0.256;-0.174,0.256;-0.172,0.256;-0.074,0.248;0.138,0.221;0.413,0.187;0.673,0.169;0.799,0.165;0.799,0.166;0.799,0.166;0.791,0.168;0.771,0.176;0.736,0.193;0.718,0.204;0.703,0.216;0.689,0.227;0.680,0.237;0.671,0.243;0.661,0.249;0.639,0.260;0.600,0.272;0.550,0.285;0.535,0.288;0.531,0.288;0.529,0.288;0.519,0.288;0.503,0.284;0.489,0.281;0.484,0.281;0.484,0.281;0.484,0.281;0.484,0.281;0.484,0.281;0.484,0.281;0.484,0.281;0.484,0.281;0.484,0.281",416555,20,F,
