thisRow.t,notes,block_sign,block_pressure,comp_m,rt,chose_delayed,max_deviation,raw_trajectory,choice_side,participant,age,gender,
,,gain,high_pressure,50,1.9312438999768347,False,0.5869599273504876,"-0.019,-0.412;-0.019,-0.412;-0.019,-0.412;-0.019,-0.412;-0.019,-0.412;-0.019,-0.412;-0.019,-0.412;-0.019,-0.412;-0.019,-0.412;-0.019,-0.412;-0.019,-0.412;-0.019,-0.412;-0.019,-0.412;-0.019,-0.412;-0.019,-0.408;-0.013,-0.376;0.072,-0.188;0.207,0.018;0.379,0.247;0.533,0.460;0.657,0.500;0.694,0.500;0.721,0.500;0.744,0.500;0.756,0.500;0.756,0.500;0.753,0.488;0.738,0.463;0.711,0.430;0.665,0.378;0.637,0.344;0.617,0.319;0.604,0.304;0.593,0.294;0.568,0.272;0.546,0.253;0.497,0.227;0.468,0.217;0.372,0.199;0.295,0.195;0.216,0.197;0.149,0.206;0.069,0.226;0.023,0.238;-0.016,0.248;-0.050,0.255;-0.079,0.262;-0.120,0.271;-0.136,0.278;-0.145,0.282;-0.148,0.284;-0.151,0.287;-0.156,0.291;-0.163,0.297;-0.172,0.301;-0.175,0.303;-0.175,0.303;-0.175,0.303;-0.175,0.303;-0.175,0.303;-0.175,0.303;-0.177,0.302;-0.181,0.299;-0.193,0.292;-0.222,0.285;-0.240,0.284;-0.252,0.283;-0.257,0.283;-0.261,0.283;-0.268,0.283;-0.280,0.283;-0.284,0.283;-0.286,0.283;-0.286,0.283;-0.286,0.283;-0.286,0.283;-0.286,0.283;-0.285,0.283;-0.282,0.282;-0.279,0.281;-0.279,0.281;-0.278,0.281;-0.278,0.280;-0.277,0.279;-0.272,0.277;-0.271,0.276;-0.271,0.276;-0.271,0.276;-0.271,0.276;-0.271,0.276;-0.271,0.276;-0.265,0.273;-0.255,0.271;-0.240,0.269;-0.208,0.272;-0.149,0.282;-0.076,0.296;-0.059,0.299;-0.056,0.299;-0.056,0.299;-0.056,0.299;-0.056,0.299;-0.053,0.301;-0.037,0.302;-0.008,0.305;0.036,0.305;0.152,0.302;0.253,0.293;0.321,0.288;0.344,0.286;0.346,0.286;0.346,0.286;0.346,0.286;0.345,0.286;0.341,0.285;0.338,0.284;0.335,0.283",right,349592,21,F,
,,gain,high_pressure,25,0.9803430000320077,True,0.39725569161488156,"0.007,-0.399;0.007,-0.399;0.007,-0.399;0.007,-0.399;0.007,-0.399;0.007,-0.399;0.007,-0.399;0.007,-0.399;0.007,-0.399;0.007,-0.399;0.007,-0.399;-0.001,-0.398;-0.026,-0.393;-0.079,-0.375;-0.142,-0.349;-0.197,-0.323;-0.236,-0.301;-0.245,-0.295;-0.247,-0.293;-0.248,-0.292;-0.248,-0.292;-0.248,-0.292;-0.248,-0.292;-0.248,-0.292;-0.248,-0.292;-0.248,-0.288;-0.251,-0.270;-0.254,-0.259;-0.270,-0.215;-0.280,-0.179;-0.287,-0.148;-0.287,-0.121;-0.282,-0.098;-0.273,-0.077;-0.248,-0.047;-0.222,-0.028;-0.187,-0.008;-0.128,0.014;-0.012,0.041;0.074,0.059;0.172,0.079;0.266,0.098;0.324,0.107;0.341,0.112;0.342,0.113;0.342,0.114;0.342,0.115;0.342,0.118;0.342,0.122;0.342,0.128;0.341,0.136;0.339,0.146;0.341,0.168;0.346,0.191;0.348,0.208;0.348,0.224;0.347,0.231;0.346,0.233;0.346,0.234;0.346,0.236",right,349592,21,F,
,,gain,high_pressure,37.5,1.0147613000590354,True,0.29733882208468587,"0.023,-0.412;0.023,-0.412;0.023,-0.412;0.023,-0.412;0.023,-0.412;0.022,-0.412;0.021,-0.412;0.019,-0.413;0.016,-0.413;0.014,-0.413;0.013,-0.413;0.013,-0.413;0.013,-0.413;0.013,-0.413;0.013,-0.413;0.013,-0.413;0.013,-0.413;0.013,-0.413;0.013,-0.413;0.013,-0.413;0.016,-0.414;0.020,-0.417;0.023,-0.418;0.028,-0.414;0.047,-0.396;0.083,-0.366;0.119,-0.334;0.157,-0.286;0.178,-0.251;0.190,-0.218;0.197,-0.189;0.198,-0.151;0.192,-0.136;0.182,-0.130;0.176,-0.128;0.164,-0.124;0.149,-0.117;0.126,-0.106;0.096,-0.093;0.057,-0.077;-0.014,-0.045;-0.088,-0.014;-0.160,0.017;-0.210,0.045;-0.264,0.079;-0.281,0.097;-0.288,0.109;-0.292,0.121;-0.295,0.134;-0.298,0.154;-0.297,0.167;-0.293,0.179;-0.292,0.189;-0.290,0.198;-0.288,0.202;-0.286,0.207;-0.283,0.213;-0.279,0.219;-0.277,0.225;-0.277,0.227;-0.276,0.227;-0.276,0.227",left,349592,21,F,
,,gain,high_pressure,50.0,1.3843467000406235,False,0.30188676235295675,"0.018,-0.428;0.018,-0.428;0.018,-0.428;0.018,-0.428;0.018,-0.428;0.018,-0.428;0.018,-0.428;0.018,-0.428;0.018,-0.428;0.018,-0.428;0.018,-0.428;0.018,-0.428;0.018,-0.428;0.018,-0.426;0.024,-0.411;0.049,-0.374;0.144,-0.281;0.252,-0.182;0.391,-0.042;0.528,0.104;0.658,0.237;0.799,0.391;0.799,0.457;0.799,0.488;0.799,0.499;0.799,0.500;0.798,0.500;0.792,0.499;0.773,0.493;0.741,0.487;0.694,0.479;0.622,0.477;0.574,0.482;0.522,0.492;0.462,0.500;0.431,0.500;0.394,0.499;0.346,0.493;0.293,0.485;0.241,0.471;0.225,0.462;0.215,0.450;0.213,0.438;0.217,0.423;0.228,0.403;0.236,0.389;0.244,0.372;0.248,0.356;0.252,0.346;0.258,0.338;0.262,0.337;0.264,0.336;0.268,0.332;0.283,0.326;0.318,0.324;0.392,0.322;0.542,0.322;0.581,0.322;0.627,0.317;0.629,0.316;0.629,0.316;0.629,0.316;0.629,0.316;0.629,0.316;0.629,0.316;0.629,0.316;0.629,0.316;0.629,0.316;0.629,0.316;0.627,0.315;0.623,0.309;0.617,0.304;0.611,0.301;0.605,0.298;0.600,0.295;0.594,0.292;0.585,0.287;0.578,0.284;0.572,0.283;0.559,0.282;0.538,0.285;0.514,0.288;0.501,0.291;0.500,0.291",right,349592,21,F,
,,gain,high_pressure,43.75,0.7471904000267386,False,0.10232865603609698,"-0.026,-0.394;-0.026,-0.394;-0.026,-0.394;-0.026,-0.394;-0.026,-0.394;-0.026,-0.394;-0.026,-0.394;-0.026,-0.394;-0.026,-0.394;-0.026,-0.394;-0.026,-0.394;-0.026,-0.394;-0.026,-0.394;-0.026,-0.394;-0.026,-0.394;-0.026,-0.394;-0.026,-0.394;-0.026,-0.394;-0.027,-0.393;-0.036,-0.386;-0.058,-0.373;-0.095,-0.343;-0.127,-0.309;-0.169,-0.264;-0.216,-0.210;-0.275,-0.125;-0.301,-0.073;-0.310,-0.041;-0.313,-0.017;-0.313,0.005;-0.313,0.048;-0.311,0.077;-0.309,0.107;-0.309,0.136;-0.311,0.163;-0.323,0.199;-0.336,0.220;-0.347,0.239;-0.355,0.250;-0.356,0.253;-0.356,0.253;-0.356,0.253;-0.356,0.253;-0.356,0.253;-0.356,0.253;-0.356,0.253",left,349592,21,F,
,,gain,high_pressure,37.5,0.7665848000906408,True,0.16765361625308006,"-0.013,-0.368;-0.013,-0.368;-0.013,-0.368;-0.013,-0.368;-0.013,-0.368;-0.013,-0.368;-0.013,-0.368;-0.013,-0.368;-0.013,-0.368;-0.013,-0.368;-0.013,-0.368;-0.013,-0.368;-0.013,-0.368;-0.013,-0.368;-0.014,-0.367;-0.019,-0.361;-0.032,-0.343;-0.068,-0.304;-0.082,-0.293;-0.123,-0.260;-0.191,-0.206;-0.272,-0.138;-0.379,-0.040;-0.424,0.011;-0.446,0.043;-0.452,0.061;-0.448,0.088;-0.434,0.113;-0.418,0.140;-0.404,0.163;-0.395,0.181;-0.391,0.191;-0.391,0.193;-0.391,0.195;-0.393,0.196;-0.400,0.200;-0.402,0.202;-0.403,0.202;-0.403,0.202;-0.403,0.202;-0.403,0.202;-0.398,0.207;-0.388,0.219;-0.374,0.235;-0.353,0.257;-0.349,0.261;-0.348,0.261",left,349592,21,F,
,,gain,high_pressure,40.625,0.7323439999017864,False,0.09564456200545636,"-0.042,-0.372;-0.042,-0.372;-0.042,-0.372;-0.042,-0.372;-0.042,-0.372;-0.042,-0.372;-0.042,-0.372;-0.042,-0.372;-0.042,-0.372;-0.042,-0.372;-0.042,-0.372;-0.042,-0.372;-0.042,-0.372;-0.042,-0.372;-0.039,-0.371;-0.023,-0.363;0.009,-0.347;0.062,-0.319;0.118,-0.288;0.193,-0.225;0.238,-0.159;0.271,-0.076;0.284,0.009;0.288,0.089;0.288,0.154;0.287,0.179;0.281,0.199;0.272,0.217;0.260,0.232;0.258,0.236;0.258,0.236;0.258,0.236;0.258,0.236;0.258,0.236;0.258,0.236;0.258,0.239;0.258,0.243;0.258,0.244;0.258,0.244;0.258,0.244;0.258,0.244;0.258,0.244;0.258,0.244;0.258,0.244;0.258,0.244",right,349592,21,F,
,,gain,high_pressure,39.0625,0.8942474001087248,True,0.12575743923628077,"0.003,-0.417;0.003,-0.417;0.003,-0.417;0.003,-0.417;0.003,-0.417;0.003,-0.417;0.003,-0.417;0.003,-0.417;0.003,-0.417;0.003,-0.417;0.003,-0.417;0.003,-0.417;0.003,-0.417;0.003,-0.417;0.001,-0.416;-0.014,-0.411;-0.049,-0.394;-0.131,-0.349;-0.179,-0.314;-0.208,-0.288;-0.222,-0.266;-0.250,-0.209;-0.276,-0.154;-0.304,-0.094;-0.326,-0.046;-0.342,-0.009;-0.359,0.036;-0.371,0.066;-0.380,0.090;-0.388,0.111;-0.396,0.130;-0.397,0.136;-0.397,0.143;-0.395,0.157;-0.388,0.176;-0.377,0.199;-0.372,0.207;-0.370,0.210;-0.369,0.213;-0.367,0.217;-0.365,0.218;-0.364,0.218;-0.364,0.218;-0.364,0.218;-0.364,0.218;-0.364,0.218;-0.364,0.218;-0.364,0.218;-0.364,0.218;-0.364,0.218;-0.364,0.218;-0.364,0.218;-0.364,0.218;-0.364,0.218;-0.364,0.218",left,349592,21,F,
,,gain,high_pressure,40.0625,1.0490211001597345,True,0.9226117007860622,"0.004,-0.401;0.004,-0.401;0.004,-0.401;0.004,-0.401;0.004,-0.401;0.004,-0.401;0.004,-0.401;0.004,-0.401;0.004,-0.401;0.004,-0.401;0.004,-0.401;0.004,-0.401;0.004,-0.401;0.004,-0.401;0.004,-0.401;0.004,-0.401;0.004,-0.398;0.002,-0.353;-0.007,-0.286;-0.027,-0.200;-0.081,-0.045;-0.103,0.010;-0.175,0.162;-0.223,0.251;-0.272,0.326;-0.326,0.393;-0.427,0.487;-0.496,0.500;-0.534,0.500;-0.547,0.500;-0.548,0.500;-0.548,0.500;-0.548,0.500;-0.548,0.500;-0.548,0.500;-0.546,0.496;-0.536,0.485;-0.518,0.467;-0.494,0.447;-0.468,0.428;-0.442,0.411;-0.433,0.403;-0.427,0.395;-0.426,0.389;-0.425,0.380;-0.420,0.368;-0.406,0.351;-0.364,0.334;-0.323,0.328;-0.271,0.327;-0.211,0.327;-0.132,0.327;0.039,0.327;0.148,0.328;0.216,0.332;0.234,0.333;0.236,0.333;0.236,0.333;0.236,0.333;0.234,0.333;0.234,0.333;0.232,0.333;0.232,0.333;0.232,0.333",right,349592,21,F,
,,gain,high_pressure,41.0625,1.115112700033933,True,0.27094698689153757,"-0.006,-0.422;-0.006,-0.422;-0.006,-0.422;-0.006,-0.422;-0.006,-0.422;-0.006,-0.422;-0.006,-0.422;-0.006,-0.422;-0.006,-0.422;-0.006,-0.422;-0.006,-0.422;-0.006,-0.422;-0.006,-0.422;-0.006,-0.422;-0.006,-0.422;-0.006,-0.422;-0.006,-0.422;-0.006,-0.422;-0.006,-0.422;-0.006,-0.422;-0.006,-0.422;-0.006,-0.422;-0.006,-0.422;-0.006,-0.422;-0.006,-0.422;-0.002,-0.420;0.001,-0.419;0.001,-0.418;0.004,-0.404;0.008,-0.381;0.016,-0.343;0.028,-0.301;0.037,-0.253;0.038,-0.231;0.038,-0.217;0.033,-0.207;0.016,-0.190;0.006,-0.179;-0.002,-0.171;-0.007,-0.166;-0.022,-0.153;-0.093,-0.119;-0.189,-0.092;-0.304,-0.077;-0.406,-0.066;-0.477,-0.059;-0.507,-0.056;-0.509,-0.056;-0.509,-0.056;-0.509,-0.056;-0.509,-0.054;-0.509,-0.045;-0.509,-0.024;-0.509,0.016;-0.509,0.028;-0.503,0.062;-0.493,0.093;-0.474,0.138;-0.444,0.191;-0.399,0.248;-0.380,0.269;-0.368,0.280;-0.361,0.286;-0.357,0.289;-0.355,0.290;-0.355,0.290;-0.355,0.290;-0.355,0.290",left,349592,21,F,
,,gain,high_pressure,42.0625,1.350053499918431,False,0.39084723032777247,"0.003,-0.419;0.003,-0.419;0.003,-0.419;0.003,-0.419;0.003,-0.419;0.003,-0.419;0.003,-0.419;0.003,-0.419;0.003,-0.419;0.003,-0.419;0.003,-0.419;0.003,-0.419;0.002,-0.419;0.001,-0.409;0.001,-0.388;0.001,-0.368;0.003,-0.349;0.004,-0.342;0.009,-0.331;0.017,-0.311;0.036,-0.267;0.044,-0.253;0.064,-0.211;0.076,-0.183;0.084,-0.153;0.104,-0.093;0.118,-0.049;0.127,-0.020;0.132,0.001;0.134,0.017;0.136,0.030;0.137,0.053;0.137,0.065;0.137,0.076;0.136,0.080;0.135,0.080;0.134,0.080;0.128,0.080;0.110,0.082;0.066,0.085;0.022,0.093;-0.028,0.104;-0.076,0.116;-0.118,0.123;-0.128,0.124;-0.152,0.129;-0.173,0.134;-0.196,0.140;-0.224,0.147;-0.234,0.150;-0.238,0.152;-0.238,0.152;-0.238,0.152;-0.238,0.152;-0.238,0.155;-0.235,0.157;-0.223,0.162;-0.179,0.176;-0.123,0.190;-0.059,0.201;0.010,0.208;0.069,0.211;0.099,0.213;0.100,0.213;0.100,0.213;0.100,0.213;0.097,0.213;0.083,0.214;0.048,0.216;-0.027,0.224;-0.206,0.232;-0.318,0.237;-0.382,0.237;-0.399,0.237;-0.402,0.237;-0.402,0.238;-0.402,0.238;-0.402,0.238;-0.402,0.238;-0.402,0.238;-0.402,0.238;-0.402,0.238",left,349592,21,F,
,,loss,no_pressure,50,1.497555200010538,True,0.5842725081010547,"-0.011,-0.394;-0.011,-0.394;-0.011,-0.394;-0.011,-0.394;-0.011,-0.394;-0.011,-0.394;-0.011,-0.394;-0.011,-0.394;-0.011,-0.394;-0.011,-0.394;-0.011,-0.394;-0.011,-0.394;-0.011,-0.394;-0.011,-0.394;-0.011,-0.394;-0.011,-0.394;-0.002,-0.391;0.011,-0.379;0.026,-0.356;0.043,-0.301;0.059,-0.204;0.086,-0.013;0.104,0.119;0.120,0.248;0.135,0.362;0.145,0.449;0.149,0.500;0.142,0.500;0.116,0.500;0.076,0.500;0.006,0.500;-0.034,0.500;-0.061,0.500;-0.081,0.500;-0.083,0.500;-0.083,0.500;-0.083,0.500;-0.084,0.500;-0.087,0.488;-0.099,0.427;-0.099,0.377;-0.087,0.332;-0.074,0.307;-0.068,0.289;-0.068,0.283;-0.068,0.279;-0.072,0.275;-0.073,0.275;-0.082,0.274;-0.098,0.274;-0.127,0.280;-0.168,0.291;-0.218,0.304;-0.237,0.308;-0.249,0.314;-0.257,0.318;-0.261,0.320;-0.261,0.322;-0.261,0.322;-0.261,0.322;-0.261,0.322;-0.261,0.322;-0.261,0.322;-0.259,0.318;-0.256,0.313;-0.253,0.310;-0.248,0.304;-0.241,0.298;-0.227,0.289;-0.210,0.283;-0.189,0.278;-0.186,0.277;-0.184,0.276;-0.184,0.276;-0.142,0.283;0.009,0.306;0.200,0.326;0.351,0.335;0.438,0.338;0.442,0.338;0.442,0.338;0.439,0.338;0.438,0.338;0.438,0.338;0.437,0.338;0.436,0.338;0.436,0.338;0.436,0.338;0.436,0.338;0.436,0.338;0.436,0.338",right,349592,21,F,
,,loss,no_pressure,25,1.3326354001183063,False,0.1110110874573416,"-0.031,-0.403;-0.031,-0.403;-0.031,-0.403;-0.031,-0.403;-0.031,-0.403;-0.031,-0.403;-0.031,-0.403;-0.031,-0.403;-0.031,-0.403;-0.031,-0.403;-0.031,-0.403;-0.031,-0.403;-0.031,-0.403;-0.031,-0.403;-0.031,-0.403;-0.031,-0.403;-0.031,-0.403;-0.031,-0.403;-0.031,-0.403;-0.031,-0.403;-0.031,-0.403;-0.031,-0.403;-0.031,-0.403;-0.033,-0.391;-0.039,-0.312;-0.043,-0.232;-0.045,-0.159;-0.048,-0.109;-0.057,-0.078;-0.075,-0.045;-0.092,-0.024;-0.117,-0.001;-0.147,0.028;-0.183,0.062;-0.193,0.074;-0.199,0.084;-0.209,0.096;-0.221,0.111;-0.241,0.131;-0.252,0.144;-0.259,0.152;-0.263,0.159;-0.272,0.172;-0.278,0.178;-0.281,0.182;-0.284,0.187;-0.288,0.194;-0.291,0.200;-0.295,0.208;-0.299,0.218;-0.303,0.226;-0.305,0.231;-0.305,0.231;-0.305,0.231;-0.305,0.231;-0.305,0.231;-0.305,0.231;-0.305,0.231;-0.305,0.231;-0.305,0.231;-0.305,0.231;-0.305,0.231;-0.305,0.231;-0.305,0.231;-0.305,0.231;-0.305,0.231;-0.305,0.231;-0.305,0.231;-0.305,0.231;-0.305,0.231;-0.305,0.231;-0.305,0.231;-0.305,0.231;-0.305,0.231;-0.305,0.231;-0.305,0.231;-0.305,0.231;-0.305,0.231;-0.305,0.231;-0.305,0.231;-0.305,0.231",left,349592,21,F,
,,loss,no_pressure,37.5,0.7475305001717061,False,0.1491862224364646,"0.009,-0.410;0.009,-0.410;0.009,-0.410;0.009,-0.410;0.009,-0.410;0.009,-0.410;0.009,-0.410;0.009,-0.410;0.009,-0.410;0.009,-0.410;0.009,-0.410;0.009,-0.410;0.009,-0.410;0.009,-0.410;0.009,-0.410;0.007,-0.414;-0.004,-0.428;-0.006,-0.431;-0.006,-0.431;-0.006,-0.431;-0.006,-0.431;-0.007,-0.431;-0.008,-0.431;-0.008,-0.431;-0.025,-0.401;-0.072,-0.348;-0.138,-0.285;-0.207,-0.224;-0.297,-0.136;-0.347,-0.076;-0.386,-0.022;-0.417,0.029;-0.440,0.076;-0.469,0.149;-0.473,0.164;-0.476,0.192;-0.476,0.214;-0.476,0.230;-0.474,0.232;-0.470,0.236;-0.460,0.248;-0.449,0.273;-0.438,0.297;-0.431,0.317;-0.430,0.317;-0.430,0.317",left,349592,21,F,
,,loss,no_pressure,50.0,0.6993183000013232,False,0.23160041275240537,"0.016,-0.422;0.016,-0.422;0.016,-0.422;0.016,-0.422;0.016,-0.422;0.016,-0.422;0.016,-0.422;0.016,-0.422;0.016,-0.422;0.016,-0.422;0.016,-0.422;0.016,-0.422;0.016,-0.421;0.012,-0.403;0.004,-0.371;-0.006,-0.316;-0.018,-0.245;-0.031,-0.153;-0.033,-0.118;-0.031,-0.083;-0.023,-0.037;0.001,0.051;0.024,0.108;0.045,0.146;0.064,0.171;0.083,0.193;0.114,0.228;0.144,0.257;0.174,0.278;0.195,0.291;0.211,0.297;0.212,0.297;0.212,0.297;0.212,0.297;0.212,0.297;0.221,0.297;0.232,0.297;0.240,0.297;0.244,0.297;0.246,0.297;0.252,0.297;0.267,0.297;0.281,0.298",right,349592,21,F,
,,loss,no_pressure,62.5,3.1143964999355376,False,0.2174742346464122,"-0.004,-0.453;-0.004,-0.453;-0.004,-0.453;-0.004,-0.453;-0.004,-0.453;-0.004,-0.453;-0.004,-0.453;-0.004,-0.451;-0.003,-0.450;-0.003,-0.450;-0.003,-0.450;-0.003,-0.450;-0.003,-0.450;-0.003,-0.450;-0.003,-0.450;-0.003,-0.450;-0.003,-0.450;-0.003,-0.450;-0.003,-0.450;-0.003,-0.446;-0.003,-0.432;0.001,-0.402;0.004,-0.372;0.009,-0.328;0.014,-0.274;0.016,-0.222;0.017,-0.179;0.017,-0.124;0.025,-0.075;0.038,-0.024;0.064,0.064;0.076,0.114;0.083,0.150;0.092,0.179;0.100,0.202;0.107,0.224;0.109,0.229;0.109,0.229;0.109,0.229;0.109,0.229;0.111,0.230;0.112,0.230;0.113,0.230;0.113,0.231;0.115,0.231;0.119,0.231;0.124,0.231;0.127,0.231;0.132,0.229;0.138,0.228;0.147,0.227;0.153,0.227;0.158,0.227;0.162,0.228;0.192,0.237;0.246,0.251;0.301,0.266;0.328,0.274;0.329,0.274;0.329,0.274;0.329,0.274;0.329,0.274;0.329,0.274;0.329,0.274;0.329,0.274;0.329,0.274;0.329,0.274;0.329,0.274;0.329,0.274;0.329,0.274;0.329,0.274;0.329,0.274;0.329,0.274;0.329,0.274;0.329,0.274;0.329,0.274;0.329,0.274;0.329,0.274;0.329,0.274;0.329,0.274;0.329,0.274;0.329,0.274;0.329,0.274;0.329,0.274;0.329,0.274;0.329,0.274;0.329,0.274;0.329,0.273;0.329,0.272;0.329,0.271;0.328,0.270;0.328,0.269;0.327,0.269;0.325,0.268;0.324,0.267;0.323,0.267;0.322,0.267;0.321,0.267;0.320,0.267;0.320,0.267;0.320,0.267;0.320,0.267;0.320,0.267;0.320,0.267;0.319,0.267;0.318,0.266;0.316,0.265;0.313,0.264;0.312,0.263;0.312,0.263;0.312,0.263;0.312,0.263;0.312,0.263;0.312,0.263;0.312,0.263;0.312,0.263;0.312,0.263;0.312,0.263;0.312,0.263;0.312,0.263;0.312,0.263;0.312,0.263;0.312,0.263;0.312,0.263;0.312,0.263;0.312,0.263;0.312,0.263;0.312,0.263;0.312,0.263;0.312,0.263;0.312,0.263;0.312,0.263;0.312,0.263;0.312,0.263;0.312,0.263;0.312,0.263;0.312,0.263;0.312,0.263;0.312,0.263;0.312,0.263;0.311,0.263;0.307,0.262;0.299,0.261;0.276,0.261;0.261,0.261;0.257,0.261;0.257,0.261;0.257,0.261;0.257,0.261;0.257,0.261;0.257,0.261;0.257,0.261;0.257,0.261;0.257,0.261;0.257,0.261;0.257,0.261;0.257,0.261;0.257,0.261;0.257,0.261;0.257,0.261;0.257,0.261;0.257,0.261;0.257,0.261;0.257,0.261;0.257,0.261;0.257,0.261;0.257,0.261;0.257,0.261;0.257,0.261;0.257,0.261;0.257,0.261;0.257,0.261;0.257,0.261;0.257,0.261;0.257,0.261;0.257,0.261;0.257,0.261;0.256,0.261;0.252,0.261;0.251,0.261;0.252,0.261;0.252,0.261;0.252,0.261;0.252,0.261;0.252,0.261;0.252,0.261;0.252,0.261;0.252,0.261",right,349592,21,F,
,,loss,no_pressure,75.0,1.7132090001832694,False,0.7234670435844998,"-0.012,-0.398;-0.012,-0.398;-0.012,-0.398;-0.012,-0.398;-0.012,-0.398;-0.012,-0.398;-0.012,-0.398;-0.012,-0.398;-0.012,-0.398;-0.012,-0.398;-0.012,-0.398;-0.014,-0.398;-0.019,-0.398;-0.035,-0.393;-0.053,-0.386;-0.077,-0.371;-0.108,-0.350;-0.172,-0.306;-0.226,-0.269;-0.293,-0.220;-0.364,-0.166;-0.428,-0.119;-0.484,-0.076;-0.492,-0.069;-0.492,-0.066;-0.492,-0.061;-0.490,-0.048;-0.490,-0.032;-0.489,-0.011;-0.487,0.016;-0.483,0.053;-0.473,0.113;-0.470,0.140;-0.466,0.161;-0.466,0.182;-0.467,0.202;-0.468,0.217;-0.468,0.221;-0.468,0.221;-0.468,0.223;-0.467,0.229;-0.466,0.235;-0.464,0.241;-0.463,0.245;-0.461,0.249;-0.461,0.252;-0.461,0.252;-0.461,0.252;-0.461,0.252;-0.461,0.252;-0.461,0.252;-0.460,0.253;-0.454,0.253;-0.448,0.255;-0.441,0.257;-0.441,0.257;-0.440,0.257;-0.440,0.257;-0.440,0.257;-0.440,0.257;-0.434,0.255;-0.429,0.252;-0.421,0.247;-0.412,0.243;-0.400,0.240;-0.389,0.237;-0.383,0.236;-0.380,0.235;-0.379,0.235;-0.379,0.235;-0.379,0.235;-0.379,0.235;-0.379,0.235;-0.379,0.235;-0.379,0.235;-0.379,0.235;-0.379,0.235;-0.379,0.235;-0.379,0.235;-0.379,0.235;-0.376,0.235;-0.353,0.237;-0.323,0.240;-0.281,0.240;-0.220,0.242;-0.066,0.242;0.084,0.244;0.235,0.248;0.347,0.253;0.384,0.256;0.389,0.256;0.389,0.256;0.389,0.256;0.389,0.256;0.389,0.256;0.389,0.256;0.389,0.256;0.389,0.256;0.389,0.256;0.389,0.256;0.389,0.256;0.389,0.256;0.389,0.256;0.389,0.256",right,349592,21,F,
,,loss,no_pressure,87.5,0.95126420003362,False,0.1266532456527584,"-0.008,-0.418;-0.008,-0.418;-0.008,-0.418;-0.008,-0.418;-0.008,-0.418;-0.008,-0.418;-0.008,-0.418;-0.008,-0.418;-0.008,-0.418;-0.008,-0.418;-0.008,-0.418;-0.008,-0.418;-0.008,-0.418;-0.008,-0.413;-0.008,-0.392;-0.008,-0.352;-0.008,-0.330;-0.007,-0.308;-0.007,-0.269;-0.007,-0.244;-0.007,-0.221;-0.007,-0.199;-0.007,-0.175;-0.009,-0.151;-0.021,-0.109;-0.039,-0.077;-0.059,-0.046;-0.094,-0.014;-0.118,0.000;-0.144,0.009;-0.177,0.019;-0.224,0.023;-0.246,0.023;-0.258,0.023;-0.263,0.023;-0.265,0.022;-0.267,0.021;-0.268,0.021;-0.270,0.021;-0.277,0.025;-0.288,0.037;-0.301,0.054;-0.318,0.080;-0.328,0.100;-0.336,0.123;-0.344,0.157;-0.349,0.176;-0.352,0.193;-0.353,0.207;-0.353,0.220;-0.352,0.240;-0.351,0.251;-0.350,0.257;-0.349,0.261;-0.349,0.263;-0.349,0.264;-0.349,0.266;-0.349,0.267",left,349592,21,F,
,,loss,no_pressure,99,1.313395399833098,True,0.5385863808606963,"0.041,-0.420;0.041,-0.420;0.041,-0.420;0.041,-0.420;0.041,-0.420;0.041,-0.420;0.041,-0.420;0.041,-0.420;0.041,-0.420;0.041,-0.420;0.041,-0.420;0.041,-0.420;0.041,-0.419;0.039,-0.408;0.033,-0.383;0.026,-0.358;0.021,-0.331;0.019,-0.272;0.024,-0.210;0.037,-0.137;0.069,-0.028;0.099,0.049;0.129,0.127;0.153,0.194;0.173,0.255;0.184,0.324;0.187,0.348;0.187,0.357;0.187,0.359;0.187,0.359;0.187,0.359;0.187,0.354;0.186,0.346;0.186,0.338;0.186,0.332;0.186,0.326;0.186,0.325;0.186,0.325;0.186,0.325;0.186,0.325;0.186,0.325;0.186,0.325;0.186,0.325;0.186,0.325;0.186,0.324;0.186,0.323;0.186,0.323;0.184,0.321;0.183,0.317;0.179,0.314;0.169,0.310;0.124,0.305;0.063,0.304;-0.004,0.302;-0.071,0.303;-0.131,0.308;-0.167,0.313;-0.184,0.317;-0.185,0.317;-0.185,0.317;-0.185,0.317;-0.185,0.317;-0.185,0.317;-0.186,0.317;-0.186,0.317;-0.186,0.317;-0.187,0.317;-0.187,0.317;-0.187,0.317;-0.187,0.317;-0.187,0.317;-0.188,0.317;-0.189,0.316;-0.192,0.314;-0.198,0.311;-0.209,0.306;-0.219,0.303;-0.229,0.300;-0.234,0.299;-0.238,0.298",left,349592,21,F,
,,loss,no_pressure,92.75,2.8126346999779344,False,0.44356199252818607,"-0.011,-0.434;-0.011,-0.434;-0.011,-0.434;-0.011,-0.434;-0.011,-0.434;-0.011,-0.434;-0.011,-0.434;-0.011,-0.434;-0.011,-0.434;-0.011,-0.434;-0.011,-0.434;-0.011,-0.434;-0.011,-0.434;-0.011,-0.434;-0.011,-0.434;-0.011,-0.434;-0.012,-0.429;-0.004,-0.399;0.012,-0.364;0.032,-0.329;0.056,-0.296;0.078,-0.268;0.118,-0.228;0.149,-0.192;0.184,-0.150;0.212,-0.113;0.231,-0.086;0.241,-0.070;0.245,-0.059;0.246,-0.057;0.246,-0.054;0.246,-0.051;0.246,-0.046;0.246,-0.038;0.246,-0.023;0.245,-0.007;0.242,0.014;0.239,0.021;0.238,0.023;0.237,0.023;0.233,0.023;0.221,0.025;0.188,0.031;0.135,0.042;0.073,0.054;-0.041,0.073;-0.111,0.084;-0.168,0.091;-0.218,0.101;-0.271,0.109;-0.286,0.112;-0.289,0.114;-0.290,0.114;-0.291,0.115;-0.293,0.119;-0.295,0.123;-0.298,0.131;-0.299,0.140;-0.299,0.151;-0.298,0.157;-0.296,0.164;-0.288,0.174;-0.270,0.196;-0.259,0.208;-0.252,0.215;-0.249,0.219;-0.244,0.224;-0.223,0.240;-0.203,0.253;-0.181,0.264;-0.167,0.271;-0.162,0.273;-0.161,0.273;-0.161,0.273;-0.156,0.271;-0.143,0.267;-0.117,0.259;-0.059,0.247;-0.005,0.240;0.050,0.238;0.077,0.238;0.084,0.237;0.084,0.237;0.084,0.237;0.084,0.237;0.084,0.237;0.084,0.237;0.084,0.237;0.084,0.237;0.084,0.237;0.092,0.238;0.105,0.241;0.121,0.244;0.128,0.244;0.129,0.244;0.129,0.244;0.129,0.244;0.129,0.244;0.129,0.244;0.129,0.244;0.129,0.244;0.129,0.244;0.129,0.244;0.129,0.244;0.129,0.244;0.129,0.244;0.129,0.244;0.129,0.244;0.130,0.244;0.130,0.244;0.132,0.246;0.133,0.246;0.138,0.245;0.141,0.244;0.142,0.243;0.143,0.242;0.144,0.242;0.144,0.242;0.144,0.242;0.144,0.242;0.144,0.242;0.144,0.242;0.144,0.242;0.144,0.242;0.144,0.242;0.144,0.242;0.144,0.242;0.143,0.242;0.139,0.242;0.129,0.238;0.118,0.238;0.117,0.238;0.118,0.243;0.122,0.248;0.124,0.252;0.127,0.253;0.127,0.253;0.127,0.253;0.127,0.253;0.127,0.253;0.127,0.253;0.127,0.253;0.124,0.251;0.105,0.242;0.061,0.232;-0.005,0.224;-0.084,0.223;-0.199,0.221;-0.244,0.221;-0.268,0.222;-0.277,0.223;-0.277,0.223;-0.277,0.223;-0.277,0.223;-0.277,0.223;-0.278,0.223;-0.290,0.226;-0.304,0.229;-0.317,0.231;-0.326,0.233;-0.328,0.234;-0.328,0.234;-0.328,0.234;-0.328,0.234;-0.328,0.234;-0.328,0.234;-0.328,0.234;-0.328,0.234;-0.328,0.234;-0.328,0.234",left,349592,21,F,
,,loss,no_pressure,95.875,1.4813135999720544,True,0.691011288033657,"0.021,-0.427;0.021,-0.427;0.021,-0.427;0.021,-0.427;0.021,-0.427;0.021,-0.427;0.021,-0.427;0.021,-0.427;0.021,-0.427;0.021,-0.427;0.021,-0.422;0.026,-0.391;0.038,-0.326;0.059,-0.253;0.101,-0.137;0.137,-0.053;0.181,0.032;0.226,0.109;0.284,0.202;0.308,0.246;0.324,0.289;0.333,0.333;0.338,0.377;0.339,0.392;0.339,0.397;0.340,0.398;0.340,0.398;0.340,0.398;0.340,0.398;0.340,0.398;0.340,0.398;0.340,0.398;0.337,0.394;0.335,0.392;0.333,0.388;0.329,0.379;0.327,0.371;0.324,0.361;0.322,0.351;0.321,0.346;0.320,0.342;0.318,0.337;0.317,0.334;0.315,0.331;0.312,0.329;0.302,0.322;0.291,0.318;0.279,0.315;0.261,0.314;0.249,0.314;0.237,0.313;0.219,0.313;0.187,0.312;0.133,0.312;0.033,0.312;-0.024,0.312;-0.076,0.312;-0.138,0.312;-0.151,0.312;-0.177,0.312;-0.184,0.312;-0.188,0.312;-0.191,0.312;-0.193,0.311;-0.194,0.311;-0.195,0.311;-0.199,0.309;-0.213,0.304;-0.219,0.302;-0.222,0.301;-0.223,0.301;-0.223,0.301;-0.223,0.301;-0.224,0.301;-0.224,0.301;-0.227,0.299;-0.230,0.298;-0.231,0.298;-0.231,0.298;-0.231,0.297;-0.231,0.297;-0.231,0.297;-0.231,0.297;-0.231,0.297;-0.231,0.297;-0.231,0.297;-0.231,0.297;-0.231,0.297;-0.231,0.297;-0.231,0.297",left,349592,21,F,
,,loss,no_pressure,94.3125,1.8965841999743134,True,0.36204360862872303,"-0.029,-0.399;-0.029,-0.399;-0.029,-0.399;-0.029,-0.399;-0.029,-0.399;-0.029,-0.399;-0.029,-0.399;-0.029,-0.399;-0.029,-0.399;-0.029,-0.399;-0.029,-0.399;-0.029,-0.399;-0.029,-0.399;-0.029,-0.394;-0.029,-0.367;-0.027,-0.340;-0.021,-0.308;-0.009,-0.271;0.009,-0.202;0.020,-0.160;0.029,-0.127;0.038,-0.096;0.051,-0.062;0.074,-0.007;0.088,0.022;0.100,0.046;0.108,0.065;0.114,0.081;0.118,0.100;0.120,0.107;0.121,0.112;0.122,0.114;0.125,0.119;0.129,0.125;0.136,0.131;0.142,0.136;0.150,0.140;0.151,0.141;0.160,0.144;0.168,0.147;0.179,0.151;0.197,0.157;0.210,0.161;0.223,0.166;0.238,0.174;0.251,0.183;0.264,0.193;0.279,0.204;0.284,0.208;0.288,0.211;0.304,0.221;0.317,0.229;0.331,0.237;0.338,0.241;0.339,0.242;0.340,0.242;0.340,0.242;0.340,0.242;0.340,0.242;0.340,0.242;0.340,0.242;0.340,0.242;0.340,0.242;0.340,0.242;0.340,0.242;0.340,0.242;0.340,0.242;0.340,0.242;0.340,0.242;0.340,0.242;0.340,0.242;0.340,0.242;0.340,0.242;0.340,0.242;0.340,0.242;0.340,0.242;0.340,0.243;0.295,0.238;0.196,0.226;0.080,0.219;-0.014,0.218;-0.054,0.218;-0.063,0.218;-0.063,0.218;-0.063,0.218;-0.063,0.218;-0.063,0.218;-0.063,0.218;-0.063,0.218;-0.063,0.218;-0.063,0.218;-0.063,0.218;-0.063,0.218;-0.063,0.219;-0.061,0.219;-0.042,0.224;-0.008,0.229;0.054,0.234;0.118,0.236;0.167,0.236;0.208,0.236;0.223,0.236;0.237,0.236;0.251,0.236;0.253,0.236;0.257,0.236;0.257,0.236;0.258,0.236;0.261,0.236;0.269,0.237;0.274,0.237;0.276,0.237;0.277,0.237;0.277,0.237;0.277,0.237",right,349592,21,F,
,,loss,no_pressure,92.75,3.0966742001473904,False,0.6738531497488164,"0.002,-0.412;0.002,-0.412;0.002,-0.412;0.002,-0.412;0.002,-0.412;0.002,-0.412;0.002,-0.412;0.002,-0.412;0.002,-0.412;0.002,-0.412;0.002,-0.412;0.002,-0.412;0.002,-0.412;0.002,-0.401;0.003,-0.358;0.019,-0.270;0.082,-0.125;0.106,-0.072;0.183,0.075;0.236,0.172;0.281,0.269;0.336,0.393;0.359,0.458;0.377,0.500;0.385,0.500;0.388,0.500;0.388,0.500;0.388,0.500;0.388,0.498;0.387,0.489;0.381,0.466;0.376,0.453;0.366,0.440;0.354,0.424;0.328,0.404;0.310,0.392;0.291,0.382;0.273,0.373;0.245,0.356;0.223,0.344;0.199,0.331;0.181,0.320;0.169,0.316;0.166,0.314;0.166,0.313;0.165,0.313;0.164,0.313;0.163,0.313;0.163,0.313;0.163,0.313;0.163,0.313;0.163,0.313;0.168,0.313;0.183,0.311;0.210,0.307;0.256,0.303;0.312,0.293;0.373,0.281;0.396,0.277;0.404,0.276;0.406,0.275;0.407,0.275;0.407,0.275;0.407,0.275;0.406,0.275;0.406,0.275;0.404,0.275;0.402,0.275;0.401,0.274;0.397,0.273;0.392,0.272;0.382,0.270;0.372,0.269;0.359,0.267;0.348,0.267;0.332,0.266;0.313,0.267;0.290,0.271;0.276,0.274;0.268,0.275;0.268,0.275;0.268,0.275;0.267,0.275;0.267,0.275;0.267,0.275;0.267,0.275;0.266,0.275;0.266,0.275;0.266,0.275;0.266,0.275;0.266,0.275;0.266,0.275;0.266,0.275;0.266,0.275;0.266,0.275;0.262,0.275;0.236,0.271;0.080,0.263;-0.061,0.263;-0.204,0.272;-0.316,0.289;-0.366,0.298;-0.376,0.300;-0.376,0.300;-0.376,0.300;-0.376,0.300;-0.376,0.300;-0.376,0.300;-0.376,0.300;-0.376,0.300;-0.376,0.300;-0.376,0.300;-0.376,0.300;-0.376,0.300;-0.376,0.300;-0.376,0.300;-0.376,0.300;-0.376,0.300;-0.376,0.300;-0.376,0.300;-0.374,0.300;-0.373,0.300;-0.372,0.300;-0.372,0.300;-0.369,0.299;-0.363,0.296;-0.358,0.294;-0.354,0.293;-0.348,0.292;-0.333,0.291;-0.320,0.291;-0.309,0.291;-0.303,0.291;-0.302,0.290;-0.302,0.290;-0.302,0.290;-0.302,0.290;-0.302,0.290;-0.302,0.290;-0.302,0.290;-0.302,0.290;-0.302,0.290;-0.302,0.290;-0.302,0.290;-0.302,0.290;-0.302,0.290;-0.302,0.290;-0.302,0.290;-0.302,0.290;-0.302,0.290;-0.302,0.290;-0.298,0.285;-0.283,0.266;-0.277,0.258;-0.271,0.254;-0.269,0.253;-0.269,0.253;-0.269,0.253;-0.269,0.253;-0.268,0.253;-0.262,0.253;-0.234,0.255;-0.204,0.255;-0.168,0.255;-0.126,0.255;-0.047,0.255;0.006,0.254;0.057,0.254;0.100,0.254;0.129,0.254;0.151,0.254;0.155,0.256;0.158,0.256;0.163,0.258;0.173,0.261;0.199,0.266;0.227,0.271;0.251,0.274;0.262,0.276;0.263,0.276;0.263,0.276;0.263,0.276;0.263,0.276;0.263,0.276;0.263,0.276;0.263,0.276;0.263,0.276",right,349592,21,F,
,,loss,no_pressure,93.75,2.1632708001416177,True,0.7415209882858179,"-0.021,-0.416;-0.021,-0.416;-0.021,-0.416;-0.021,-0.416;-0.021,-0.416;-0.021,-0.416;-0.021,-0.416;-0.021,-0.416;-0.021,-0.416;-0.021,-0.416;-0.021,-0.416;-0.023,-0.414;-0.030,-0.411;-0.036,-0.406;-0.048,-0.398;-0.067,-0.383;-0.089,-0.367;-0.134,-0.334;-0.174,-0.303;-0.235,-0.262;-0.310,-0.213;-0.428,-0.146;-0.504,-0.108;-0.553,-0.084;-0.575,-0.072;-0.587,-0.064;-0.592,-0.059;-0.593,-0.049;-0.597,-0.035;-0.599,-0.018;-0.599,0.008;-0.595,0.029;-0.588,0.054;-0.578,0.082;-0.564,0.108;-0.532,0.147;-0.499,0.170;-0.455,0.187;-0.410,0.200;-0.368,0.210;-0.351,0.212;-0.344,0.213;-0.342,0.214;-0.339,0.215;-0.328,0.217;-0.322,0.219;-0.320,0.219;-0.319,0.219;-0.319,0.219;-0.319,0.219;-0.319,0.219;-0.319,0.219;-0.319,0.219;-0.319,0.219;-0.319,0.219;-0.319,0.219;-0.319,0.219;-0.319,0.219;-0.319,0.219;-0.319,0.219;-0.319,0.219;-0.319,0.219;-0.319,0.219;-0.319,0.219;-0.319,0.219;-0.319,0.219;-0.319,0.219;-0.319,0.219;-0.319,0.219;-0.310,0.219;-0.289,0.219;-0.238,0.218;-0.168,0.218;-0.074,0.218;0.036,0.224;0.153,0.234;0.178,0.234;0.185,0.234;0.186,0.234;0.186,0.234;0.186,0.234;0.186,0.234;0.186,0.234;0.186,0.234;0.186,0.234;0.186,0.234;0.187,0.235;0.191,0.238;0.194,0.242;0.197,0.244;0.201,0.244;0.204,0.245;0.209,0.246;0.211,0.246;0.211,0.246;0.211,0.246;0.211,0.246;0.211,0.246;0.211,0.246;0.211,0.246;0.211,0.246;0.211,0.246;0.211,0.246;0.211,0.246;0.211,0.246;0.211,0.246;0.211,0.246;0.207,0.244;0.199,0.240;0.189,0.237;0.183,0.236;0.181,0.235;0.181,0.235;0.181,0.235;0.181,0.235;0.181,0.235;0.181,0.235;0.181,0.235;0.182,0.235;0.189,0.236;0.194,0.237;0.197,0.237;0.198,0.237;0.199,0.237;0.199,0.237;0.199,0.237;0.199,0.237;0.199,0.237;0.200,0.237;0.201,0.237;0.201,0.237",right,349592,21,F,
,,gain,no_pressure,50,1.9155770000070333,True,0.2912749017269912,"0.023,-0.372;0.023,-0.372;0.023,-0.372;0.023,-0.372;0.023,-0.372;0.023,-0.372;0.023,-0.372;0.023,-0.372;0.023,-0.372;0.023,-0.372;0.023,-0.372;0.023,-0.372;0.023,-0.372;0.023,-0.372;0.023,-0.372;0.023,-0.372;0.023,-0.372;0.023,-0.372;0.023,-0.372;0.021,-0.369;0.017,-0.366;-0.004,-0.342;-0.026,-0.312;-0.062,-0.250;-0.100,-0.143;-0.112,-0.089;-0.114,-0.057;-0.109,-0.033;-0.097,-0.008;-0.080,0.017;-0.054,0.053;-0.041,0.071;-0.035,0.081;-0.032,0.088;-0.032,0.091;-0.032,0.091;-0.032,0.091;-0.032,0.091;-0.032,0.091;-0.032,0.092;-0.028,0.097;-0.018,0.105;-0.004,0.118;0.011,0.128;0.027,0.137;0.044,0.145;0.066,0.157;0.071,0.159;0.077,0.163;0.080,0.165;0.094,0.175;0.169,0.211;0.229,0.227;0.264,0.231;0.283,0.231;0.289,0.231;0.290,0.231;0.290,0.231;0.290,0.231;0.290,0.231;0.290,0.231;0.290,0.231;0.284,0.231;0.277,0.231;0.273,0.231;0.262,0.233;0.236,0.237;0.191,0.246;0.145,0.254;0.100,0.263;0.078,0.266;0.059,0.270;0.050,0.271;0.048,0.272;0.055,0.273;0.060,0.274;0.065,0.276;0.068,0.276;0.071,0.277;0.071,0.277;0.072,0.277;0.072,0.277;0.072,0.278;0.077,0.277;0.083,0.277;0.088,0.275;0.093,0.273;0.113,0.269;0.143,0.265;0.184,0.262;0.227,0.257;0.264,0.251;0.316,0.247;0.368,0.246;0.437,0.246;0.498,0.246;0.539,0.243;0.557,0.242;0.558,0.241;0.558,0.241;0.558,0.241;0.558,0.241;0.558,0.241;0.558,0.241;0.557,0.241;0.557,0.241;0.557,0.241;0.556,0.241;0.556,0.241;0.556,0.241;0.556,0.241;0.556,0.241;0.556,0.241;0.556,0.241;0.556,0.241;0.556,0.241",right,349592,21,F,
,,gain,no_pressure,75,4.780849999981001,False,0.13698947353519247,"0.026,-0.391;0.026,-0.391;0.026,-0.391;0.026,-0.391;0.026,-0.391;0.026,-0.391;0.026,-0.391;0.026,-0.391;0.026,-0.391;0.026,-0.391;0.026,-0.391;0.026,-0.391;0.026,-0.391;0.026,-0.391;0.026,-0.391;0.026,-0.391;0.026,-0.391;0.026,-0.391;0.026,-0.390;0.026,-0.390;0.026,-0.390;0.026,-0.389;0.026,-0.384;0.026,-0.363;0.023,-0.339;0.021,-0.324;0.019,-0.313;0.018,-0.304;0.018,-0.300;0.018,-0.299;0.018,-0.299;0.018,-0.299;0.018,-0.299;0.018,-0.299;0.018,-0.299;0.018,-0.299;0.018,-0.299;0.018,-0.299;0.018,-0.299;0.018,-0.299;0.018,-0.299;0.018,-0.299;0.018,-0.299;0.018,-0.299;0.017,-0.296;0.014,-0.285;0.000,-0.267;-0.017,-0.257;-0.044,-0.232;-0.102,-0.142;-0.130,-0.066;-0.151,0.004;-0.159,0.059;-0.164,0.099;-0.172,0.123;-0.181,0.157;-0.185,0.183;-0.191,0.211;-0.211,0.245;-0.224,0.260;-0.232,0.269;-0.234,0.272;-0.235,0.273;-0.236,0.273;-0.236,0.273;-0.236,0.273;-0.236,0.273;-0.236,0.273;-0.236,0.273;-0.236,0.273;-0.236,0.273;-0.236,0.273;-0.236,0.274;-0.235,0.274;-0.235,0.274;-0.235,0.274;-0.235,0.274;-0.235,0.274;-0.235,0.274;-0.235,0.274;-0.235,0.274;-0.235,0.274;-0.235,0.274;-0.235,0.274;-0.235,0.274;-0.235,0.274;-0.235,0.274;-0.235,0.274;-0.235,0.274;-0.235,0.274;-0.235,0.274;-0.235,0.274;-0.235,0.274;-0.235,0.274;-0.235,0.274;-0.235,0.274;-0.235,0.274;-0.235,0.274;-0.235,0.274;-0.235,0.274;-0.235,0.274;-0.235,0.274;-0.235,0.274;-0.235,0.274;-0.235,0.274;-0.235,0.274;-0.235,0.274;-0.235,0.274;-0.235,0.274;-0.235,0.274;-0.235,0.274;-0.235,0.274;-0.235,0.274;-0.235,0.274;-0.235,0.274;-0.235,0.274;-0.235,0.274;-0.235,0.274;-0.235,0.274;-0.235,0.274;-0.235,0.274;-0.235,0.274;-0.235,0.274;-0.235,0.274;-0.235,0.274;-0.235,0.274;-0.235,0.274;-0.235,0.274;-0.235,0.274;-0.235,0.274;-0.235,0.274;-0.235,0.274;-0.235,0.274;-0.235,0.274;-0.235,0.274;-0.235,0.274;-0.235,0.274;-0.235,0.274;-0.235,0.274;-0.235,0.274;-0.235,0.274;-0.235,0.274;-0.235,0.274;-0.235,0.274;-0.235,0.274;-0.235,0.274;-0.235,0.274;-0.235,0.274;-0.235,0.274;-0.235,0.274;-0.235,0.274;-0.235,0.274;-0.235,0.274;-0.235,0.274;-0.235,0.274;-0.235,0.274;-0.235,0.274;-0.235,0.274;-0.235,0.274;-0.235,0.274;-0.235,0.274;-0.235,0.274;-0.235,0.274;-0.235,0.274;-0.235,0.274;-0.235,0.274;-0.235,0.274;-0.235,0.274;-0.235,0.274;-0.235,0.274;-0.235,0.274;-0.235,0.274;-0.235,0.274;-0.235,0.274;-0.235,0.274;-0.235,0.274;-0.235,0.274;-0.235,0.274;-0.235,0.274;-0.235,0.274;-0.235,0.274;-0.235,0.274;-0.235,0.274;-0.235,0.274;-0.235,0.274;-0.235,0.274;-0.235,0.274;-0.235,0.274;-0.235,0.274;-0.235,0.274;-0.235,0.274;-0.235,0.274;-0.235,0.274;-0.235,0.274;-0.235,0.274;-0.235,0.274;-0.235,0.274;-0.235,0.274;-0.235,0.274;-0.235,0.274;-0.235,0.274;-0.235,0.274;-0.235,0.274;-0.235,0.274;-0.235,0.274;-0.235,0.274;-0.235,0.274;-0.235,0.274;-0.236,0.274;-0.242,0.272;-0.249,0.267;-0.249,0.267;-0.249,0.267;-0.249,0.267;-0.249,0.267;-0.249,0.267;-0.249,0.267;-0.249,0.267;-0.249,0.267;-0.249,0.267;-0.249,0.267;-0.249,0.267;-0.249,0.267;-0.249,0.267;-0.249,0.267;-0.249,0.267;-0.249,0.267;-0.249,0.267;-0.249,0.267;-0.249,0.267;-0.249,0.267;-0.249,0.267;-0.249,0.267;-0.249,0.267;-0.249,0.267;-0.249,0.267;-0.249,0.267;-0.249,0.267;-0.249,0.267;-0.249,0.267;-0.249,0.267;-0.249,0.267;-0.249,0.267;-0.249,0.267;-0.249,0.267;-0.249,0.267;-0.249,0.267;-0.249,0.267;-0.249,0.267;-0.249,0.267;-0.249,0.267;-0.249,0.267;-0.249,0.267;-0.249,0.267;-0.249,0.267;-0.249,0.267;-0.249,0.267;-0.249,0.267;-0.249,0.267;-0.249,0.267;-0.249,0.267;-0.249,0.267;-0.249,0.267;-0.249,0.267;-0.249,0.267;-0.249,0.267;-0.249,0.267;-0.249,0.267;-0.249,0.267;-0.249,0.267;-0.249,0.267;-0.249,0.267;-0.249,0.267;-0.249,0.267;-0.249,0.267;-0.249,0.267;-0.249,0.267;-0.249,0.267;-0.249,0.267;-0.249,0.267;-0.249,0.267;-0.249,0.267;-0.249,0.267;-0.249,0.267;-0.249,0.267;-0.249,0.267;-0.249,0.267;-0.249,0.267",left,349592,21,F,
,,gain,no_pressure,62.5,1.6662385000381619,False,0.5952978178423177,"0.033,-0.393;0.033,-0.393;0.033,-0.393;0.033,-0.393;0.033,-0.393;0.033,-0.393;0.033,-0.393;0.033,-0.393;0.033,-0.393;0.033,-0.393;0.033,-0.393;0.033,-0.393;0.033,-0.393;0.033,-0.393;0.033,-0.393;0.033,-0.393;0.033,-0.393;0.033,-0.393;0.033,-0.393;0.033,-0.393;0.033,-0.393;0.033,-0.393;0.033,-0.393;0.033,-0.393;0.033,-0.393;0.033,-0.393;0.033,-0.393;0.033,-0.393;0.033,-0.393;0.033,-0.393;0.033,-0.393;0.028,-0.378;0.014,-0.331;0.000,-0.287;-0.018,-0.242;-0.029,-0.217;-0.042,-0.192;-0.054,-0.168;-0.071,-0.135;-0.076,-0.118;-0.078,-0.103;-0.078,-0.083;-0.079,-0.063;-0.082,-0.036;-0.087,-0.021;-0.092,-0.009;-0.098,-0.002;-0.105,0.007;-0.127,0.024;-0.152,0.041;-0.198,0.064;-0.256,0.089;-0.322,0.114;-0.347,0.123;-0.364,0.128;-0.373,0.131;-0.376,0.131;-0.376,0.131;-0.376,0.131;-0.376,0.131;-0.376,0.131;-0.376,0.131;-0.376,0.136;-0.376,0.142;-0.371,0.149;-0.361,0.159;-0.347,0.170;-0.319,0.183;-0.294,0.190;-0.249,0.198;-0.151,0.203;-0.066,0.203;0.034,0.199;0.151,0.188;0.328,0.173;0.416,0.169;0.463,0.170;0.479,0.171;0.483,0.172;0.483,0.172;0.483,0.172;0.483,0.172;0.483,0.172;0.480,0.176;0.473,0.182;0.465,0.188;0.458,0.193;0.452,0.200;0.436,0.209;0.427,0.213;0.421,0.216;0.413,0.218;0.408,0.221;0.403,0.222;0.400,0.224;0.399,0.224;0.398,0.224;0.398,0.225;0.398,0.225;0.398,0.225;0.398,0.225",right,349592,21,F,
,,gain,no_pressure,50.0,1.62813530000858,True,0.45245114850707935,"-0.016,-0.400;-0.016,-0.400;-0.016,-0.400;-0.016,-0.400;-0.016,-0.400;-0.016,-0.400;-0.016,-0.400;-0.016,-0.400;-0.016,-0.400;-0.016,-0.400;-0.016,-0.400;-0.016,-0.400;-0.016,-0.400;-0.016,-0.400;-0.016,-0.400;-0.016,-0.400;-0.016,-0.400;-0.016,-0.400;-0.016,-0.400;-0.016,-0.400;-0.016,-0.400;-0.016,-0.400;-0.016,-0.400;-0.016,-0.400;-0.016,-0.400;-0.015,-0.397;-0.007,-0.378;0.006,-0.333;0.008,-0.319;0.010,-0.272;0.020,-0.219;0.043,-0.147;0.098,-0.022;0.133,0.051;0.159,0.113;0.176,0.163;0.179,0.189;0.174,0.207;0.153,0.219;0.125,0.222;0.078,0.222;-0.025,0.224;-0.093,0.229;-0.160,0.239;-0.215,0.247;-0.254,0.251;-0.276,0.252;-0.286,0.252;-0.286,0.252;-0.286,0.252;-0.286,0.252;-0.286,0.252;-0.288,0.252;-0.295,0.251;-0.308,0.249;-0.323,0.248;-0.344,0.248;-0.352,0.248;-0.356,0.249;-0.357,0.250;-0.357,0.250;-0.357,0.250;-0.357,0.250;-0.357,0.250;-0.357,0.250;-0.357,0.250;-0.357,0.250;-0.357,0.250;-0.357,0.250;-0.357,0.250;-0.357,0.250;-0.357,0.250;-0.357,0.250;-0.357,0.250;-0.357,0.250;-0.357,0.250;-0.357,0.250;-0.357,0.250;-0.357,0.250;-0.357,0.250;-0.357,0.250;-0.357,0.250;-0.357,0.250;-0.357,0.250;-0.357,0.250;-0.357,0.250;-0.357,0.250;-0.357,0.250;-0.357,0.250;-0.357,0.250;-0.357,0.250;-0.357,0.250;-0.357,0.250;-0.357,0.250;-0.357,0.250;-0.357,0.250;-0.357,0.250;-0.357,0.250;-0.357,0.250",left,349592,21,F,
,,gain,no_pressure,56.25,2.479109900072217,False,0.6174173455107266,"-0.017,-0.421;-0.017,-0.421;-0.017,-0.421;-0.017,-0.421;-0.017,-0.421;-0.017,-0.421;-0.017,-0.421;-0.017,-0.421;-0.017,-0.421;-0.017,-0.421;-0.017,-0.421;-0.014,-0.412;-0.001,-0.376;0.034,-0.309;0.077,-0.240;0.128,-0.165;0.234,-0.033;0.325,0.053;0.426,0.136;0.521,0.211;0.593,0.275;0.637,0.329;0.643,0.348;0.645,0.355;0.645,0.356;0.645,0.356;0.643,0.356;0.641,0.356;0.641,0.357;0.636,0.362;0.632,0.368;0.627,0.371;0.623,0.371;0.620,0.371;0.616,0.370;0.597,0.365;0.573,0.360;0.542,0.355;0.507,0.350;0.481,0.347;0.452,0.343;0.441,0.340;0.432,0.337;0.429,0.336;0.429,0.336;0.429,0.336;0.429,0.336;0.429,0.336;0.429,0.336;0.428,0.335;0.427,0.333;0.424,0.331;0.414,0.323;0.407,0.319;0.402,0.316;0.398,0.314;0.393,0.313;0.387,0.311;0.369,0.305;0.348,0.301;0.321,0.296;0.292,0.293;0.253,0.291;0.233,0.289;0.220,0.288;0.207,0.288;0.176,0.288;0.152,0.288;0.132,0.288;0.121,0.288;0.117,0.288;0.116,0.288;0.116,0.288;0.116,0.288;0.116,0.288;0.116,0.288;0.111,0.288;0.086,0.288;0.036,0.288;-0.079,0.288;-0.154,0.288;-0.193,0.288;-0.204,0.288;-0.205,0.288;-0.205,0.288;-0.206,0.288;-0.207,0.288;-0.216,0.287;-0.229,0.286;-0.236,0.286;-0.248,0.286;-0.269,0.286;-0.296,0.284;-0.313,0.284;-0.320,0.284;-0.320,0.284;-0.320,0.284;-0.320,0.284;-0.320,0.284;-0.320,0.284;-0.315,0.284;-0.302,0.284;-0.271,0.284;-0.238,0.284;-0.191,0.284;-0.127,0.282;-0.042,0.281;-0.014,0.278;-0.008,0.278;-0.007,0.278;-0.007,0.278;-0.007,0.278;-0.007,0.278;-0.007,0.278;-0.003,0.278;0.007,0.281;0.010,0.281;0.020,0.283;0.026,0.284;0.032,0.284;0.058,0.288;0.082,0.292;0.104,0.294;0.121,0.294;0.132,0.294;0.146,0.294;0.149,0.294;0.150,0.294;0.150,0.294;0.150,0.294;0.150,0.294;0.152,0.294;0.155,0.294;0.157,0.294;0.161,0.294;0.166,0.294;0.172,0.294;0.176,0.294;0.178,0.294;0.179,0.293;0.180,0.293;0.183,0.292;0.184,0.291;0.187,0.290;0.188,0.289;0.189,0.288;0.189,0.288;0.190,0.288;0.190,0.287;0.190,0.287",right,349592,21,F,
,,gain,no_pressure,53.125,2.5828494001179934,True,0.6061853112118148,"-0.011,-0.417;-0.011,-0.417;-0.011,-0.417;-0.011,-0.417;-0.011,-0.417;-0.011,-0.417;-0.011,-0.417;-0.011,-0.417;-0.011,-0.417;-0.011,-0.417;-0.011,-0.417;-0.011,-0.417;-0.011,-0.417;-0.011,-0.417;-0.011,-0.417;-0.011,-0.417;-0.011,-0.417;-0.011,-0.417;-0.011,-0.417;-0.022,-0.410;-0.161,-0.333;-0.274,-0.286;-0.336,-0.272;-0.357,-0.269;-0.362,-0.269;-0.362,-0.269;-0.362,-0.269;-0.362,-0.269;-0.362,-0.269;-0.362,-0.267;-0.357,-0.250;-0.343,-0.224;-0.322,-0.199;-0.298,-0.181;-0.259,-0.149;-0.236,-0.125;-0.206,-0.094;-0.173,-0.057;-0.132,-0.017;-0.115,0.002;-0.105,0.015;-0.098,0.028;-0.084,0.061;-0.072,0.086;-0.057,0.104;-0.039,0.123;-0.021,0.136;0.009,0.157;0.032,0.171;0.060,0.185;0.106,0.206;0.226,0.254;0.351,0.302;0.481,0.343;0.580,0.370;0.629,0.378;0.641,0.378;0.641,0.378;0.641,0.378;0.641,0.378;0.641,0.378;0.641,0.378;0.641,0.378;0.641,0.378;0.641,0.378;0.641,0.378;0.641,0.378;0.641,0.378;0.637,0.378;0.606,0.373;0.564,0.367;0.500,0.358;0.427,0.347;0.366,0.337;0.320,0.329;0.281,0.323;0.272,0.322;0.271,0.321;0.271,0.321;0.270,0.321;0.265,0.318;0.253,0.314;0.239,0.309;0.218,0.305;0.151,0.293;0.088,0.288;0.030,0.286;-0.071,0.284;-0.134,0.284;-0.183,0.286;-0.218,0.286;-0.254,0.287;-0.270,0.290;-0.278,0.292;-0.281,0.293;-0.281,0.293;-0.281,0.293;-0.281,0.293;-0.281,0.293;-0.282,0.293;-0.282,0.293;-0.283,0.293;-0.284,0.293;-0.289,0.292;-0.297,0.291;-0.304,0.290;-0.304,0.290;-0.304,0.290;-0.302,0.290;-0.289,0.290;-0.262,0.292;-0.244,0.296;-0.223,0.297;-0.203,0.297;-0.176,0.295;-0.159,0.294;-0.142,0.294;-0.127,0.297;-0.113,0.298;-0.091,0.296;-0.071,0.295;-0.052,0.298;-0.020,0.304;-0.002,0.307;0.011,0.307;0.018,0.307;0.024,0.307;0.027,0.307;0.031,0.307;0.032,0.307;0.034,0.308;0.039,0.309;0.050,0.309;0.054,0.309;0.061,0.309;0.066,0.308;0.080,0.302;0.108,0.296;0.123,0.292;0.136,0.288;0.141,0.286;0.152,0.280;0.173,0.278;0.219,0.277;0.279,0.277;0.323,0.275;0.356,0.271;0.363,0.266;0.366,0.259;0.367,0.257;0.367,0.254;0.367,0.254;0.367,0.254;0.367,0.254;0.367,0.254;0.367,0.254",right,349592,21,F,
,,gain,no_pressure,54.6875,1.2975747999735177,False,0.6506310911062813,"-0.002,-0.413;-0.002,-0.413;-0.002,-0.413;-0.003,-0.413;-0.003,-0.413;-0.003,-0.413;-0.003,-0.413;-0.003,-0.413;-0.006,-0.413;-0.007,-0.413;-0.007,-0.413;-0.007,-0.410;-0.008,-0.390;-0.014,-0.342;-0.021,-0.277;-0.024,-0.155;-0.024,-0.073;-0.024,-0.004;-0.033,0.057;-0.057,0.115;-0.066,0.128;-0.077,0.145;-0.078,0.147;-0.079,0.147;-0.079,0.147;-0.088,0.149;-0.097,0.151;-0.103,0.152;-0.113,0.153;-0.128,0.154;-0.153,0.154;-0.182,0.157;-0.203,0.159;-0.212,0.161;-0.215,0.161;-0.222,0.161;-0.238,0.161;-0.271,0.161;-0.337,0.164;-0.368,0.169;-0.388,0.176;-0.399,0.183;-0.407,0.188;-0.408,0.189;-0.408,0.189;-0.408,0.189;-0.408,0.191;-0.408,0.195;-0.408,0.198;-0.404,0.203;-0.397,0.212;-0.368,0.232;-0.339,0.243;-0.299,0.251;-0.246,0.254;-0.152,0.254;-0.088,0.256;-0.021,0.257;0.034,0.257;0.077,0.257;0.126,0.259;0.154,0.260;0.182,0.262;0.207,0.263;0.218,0.263;0.220,0.263;0.220,0.263;0.221,0.263;0.223,0.263;0.227,0.263;0.228,0.263;0.229,0.263;0.233,0.263;0.238,0.263;0.246,0.263;0.247,0.263;0.247,0.263;0.247,0.263;0.247,0.263",right,349592,21,F,
,,gain,no_pressure,53.6875,2.330064099980518,False,0.5732471983597918,"-0.008,-0.407;-0.008,-0.407;-0.008,-0.407;-0.008,-0.407;-0.008,-0.407;-0.008,-0.407;-0.008,-0.407;-0.008,-0.407;-0.008,-0.407;-0.008,-0.407;-0.008,-0.407;-0.008,-0.407;-0.008,-0.403;-0.008,-0.400;-0.008,-0.397;-0.008,-0.396;-0.008,-0.395;-0.008,-0.394;-0.008,-0.389;-0.008,-0.371;-0.008,-0.300;-0.008,-0.204;-0.005,-0.092;-0.003,0.014;-0.019,0.166;-0.051,0.271;-0.094,0.376;-0.138,0.463;-0.177,0.500;-0.251,0.500;-0.312,0.500;-0.378,0.500;-0.439,0.500;-0.499,0.500;-0.516,0.500;-0.519,0.500;-0.519,0.500;-0.519,0.500;-0.519,0.500;-0.504,0.477;-0.474,0.438;-0.439,0.397;-0.372,0.325;-0.303,0.271;-0.226,0.224;-0.151,0.191;-0.088,0.168;-0.081,0.166;-0.081,0.166;-0.081,0.166;-0.082,0.166;-0.083,0.166;-0.087,0.171;-0.094,0.184;-0.106,0.198;-0.128,0.219;-0.144,0.232;-0.165,0.248;-0.189,0.264;-0.209,0.274;-0.228,0.286;-0.262,0.297;-0.278,0.303;-0.282,0.304;-0.282,0.304;-0.282,0.304;-0.279,0.304;-0.266,0.308;-0.186,0.321;-0.133,0.324;0.042,0.331;0.142,0.330;0.208,0.324;0.244,0.318;0.247,0.318;0.247,0.318;0.247,0.318;0.247,0.318;0.248,0.317;0.251,0.316;0.251,0.316;0.252,0.315;0.252,0.314;0.252,0.312;0.248,0.306;0.222,0.292;0.156,0.273;0.030,0.258;-0.238,0.249;-0.437,0.256;-0.616,0.274;-0.770,0.304;-0.790,0.307;-0.792,0.308;-0.792,0.308;-0.792,0.308;-0.792,0.308;-0.792,0.308;-0.792,0.308;-0.792,0.309;-0.781,0.311;-0.767,0.315;-0.744,0.319;-0.712,0.325;-0.665,0.328;-0.595,0.329;-0.439,0.329;-0.311,0.323;-0.185,0.308;-0.047,0.282;-0.010,0.272;-0.001,0.269;0.000,0.268;0.000,0.268;0.000,0.268;0.004,0.268;0.023,0.267;0.043,0.264;0.052,0.264;0.052,0.264;0.052,0.264;0.052,0.264;0.052,0.264;0.049,0.264;0.033,0.263;-0.002,0.262;-0.065,0.262;-0.206,0.269;-0.316,0.282;-0.401,0.292;-0.429,0.296;-0.434,0.297;-0.434,0.297;-0.434,0.297;-0.434,0.297;-0.434,0.297;-0.434,0.297;-0.434,0.297;-0.434,0.297;-0.434,0.297;-0.434,0.297",left,349592,21,F,
,,gain,no_pressure,52.6875,1.0813178999815136,True,0.6559370214192641,"-0.017,-0.398;-0.017,-0.398;-0.017,-0.398;-0.017,-0.398;-0.017,-0.398;-0.017,-0.398;-0.017,-0.398;-0.017,-0.398;-0.017,-0.398;-0.017,-0.398;-0.017,-0.398;-0.017,-0.398;-0.017,-0.398;-0.017,-0.398;-0.017,-0.398;-0.017,-0.398;-0.038,-0.393;-0.147,-0.362;-0.303,-0.317;-0.429,-0.277;-0.512,-0.248;-0.583,-0.225;-0.597,-0.213;-0.599,-0.198;-0.596,-0.172;-0.590,-0.128;-0.585,-0.108;-0.578,-0.090;-0.562,-0.068;-0.529,-0.036;-0.422,0.025;-0.309,0.067;-0.184,0.093;-0.059,0.107;0.122,0.105;0.214,0.097;0.271,0.091;0.301,0.089;0.331,0.089;0.350,0.093;0.367,0.098;0.377,0.102;0.382,0.103;0.385,0.108;0.386,0.118;0.386,0.127;0.386,0.132;0.386,0.134;0.384,0.137;0.382,0.141;0.378,0.146;0.376,0.153;0.371,0.161;0.369,0.167;0.366,0.171;0.362,0.179;0.358,0.185;0.355,0.191;0.351,0.197;0.347,0.202;0.345,0.204;0.345,0.204;0.344,0.206;0.343,0.207;0.343,0.208;0.343,0.208",right,349592,21,F,
,,loss,high_pressure,50,1.5156301998067647,False,0.6256863278166738,"-0.008,-0.363;-0.008,-0.363;-0.008,-0.363;-0.008,-0.363;-0.008,-0.363;-0.008,-0.363;-0.008,-0.363;-0.008,-0.363;-0.008,-0.363;-0.008,-0.363;-0.008,-0.363;-0.008,-0.363;-0.008,-0.363;-0.008,-0.363;-0.008,-0.363;-0.009,-0.363;-0.015,-0.357;-0.037,-0.319;-0.089,-0.214;-0.156,-0.093;-0.243,0.053;-0.276,0.126;-0.289,0.191;-0.283,0.311;-0.261,0.397;-0.227,0.464;-0.179,0.500;-0.067,0.500;0.047,0.500;0.178,0.500;0.305,0.500;0.413,0.498;0.513,0.482;0.598,0.451;0.612,0.437;0.616,0.424;0.612,0.408;0.595,0.373;0.572,0.347;0.537,0.319;0.492,0.300;0.414,0.278;0.352,0.273;0.284,0.272;0.214,0.273;0.147,0.274;0.084,0.282;-0.016,0.291;-0.087,0.298;-0.148,0.304;-0.179,0.309;-0.189,0.309;-0.189,0.309;-0.189,0.309;-0.189,0.309;-0.189,0.309;-0.189,0.309;-0.189,0.309;-0.189,0.309;-0.187,0.309;-0.161,0.309;-0.091,0.309;0.049,0.301;0.234,0.279;0.423,0.253;0.631,0.217;0.680,0.208;0.688,0.207;0.688,0.207;0.688,0.207;0.688,0.207;0.688,0.207;0.688,0.207;0.688,0.207;0.688,0.207;0.688,0.207;0.688,0.207;0.688,0.207;0.688,0.207;0.688,0.207;0.688,0.207;0.688,0.207;0.686,0.207;0.677,0.205;0.663,0.203;0.635,0.203;0.539,0.218;0.450,0.238;0.371,0.262;0.330,0.277;0.317,0.284;0.316,0.285",right,349592,21,F,
,,loss,high_pressure,75,1.583234400022775,False,0.4463183199635018,"-0.008,-0.405;-0.008,-0.405;-0.008,-0.405;-0.008,-0.405;-0.008,-0.405;-0.008,-0.405;-0.008,-0.405;-0.008,-0.405;-0.008,-0.405;-0.008,-0.405;-0.008,-0.405;-0.008,-0.405;-0.008,-0.405;-0.008,-0.405;-0.008,-0.405;-0.010,-0.401;-0.114,-0.324;-0.254,-0.241;-0.378,-0.179;-0.496,-0.114;-0.513,-0.097;-0.514,-0.083;-0.512,-0.063;-0.506,-0.039;-0.497,-0.013;-0.488,0.016;-0.483,0.031;-0.476,0.045;-0.463,0.068;-0.453,0.080;-0.447,0.087;-0.439,0.092;-0.430,0.097;-0.422,0.102;-0.413,0.106;-0.399,0.108;-0.373,0.114;-0.322,0.126;-0.216,0.148;-0.151,0.163;-0.108,0.175;-0.097,0.179;-0.099,0.181;-0.143,0.189;-0.228,0.199;-0.342,0.214;-0.461,0.238;-0.607,0.293;-0.646,0.312;-0.652,0.317;-0.652,0.317;-0.652,0.317;-0.652,0.317;-0.652,0.317;-0.652,0.317;-0.652,0.317;-0.652,0.317;-0.652,0.317;-0.652,0.317;-0.652,0.317;-0.652,0.317;-0.652,0.317;-0.652,0.317;-0.634,0.309;-0.564,0.275;-0.363,0.199;-0.192,0.144;-0.014,0.088;0.137,0.033;0.244,-0.006;0.299,-0.030;0.304,-0.032;0.304,-0.033;0.304,-0.034;0.303,-0.034;0.303,-0.036;0.302,-0.036;0.299,-0.036;0.284,-0.027;0.217,0.025;0.156,0.067;0.096,0.104;0.029,0.136;-0.079,0.181;-0.147,0.206;-0.203,0.227;-0.250,0.244;-0.301,0.262;-0.326,0.270;-0.346,0.277;-0.372,0.287;-0.404,0.300;-0.429,0.308;-0.435,0.309;-0.435,0.309;-0.435,0.309",left,349592,21,F,
,,loss,high_pressure,99,1.2326935001183301,True,0.39360355776308814,"0.006,-0.416;0.006,-0.416;0.006,-0.416;0.006,-0.416;0.006,-0.416;0.006,-0.416;0.006,-0.416;0.006,-0.416;0.006,-0.416;0.006,-0.416;0.005,-0.417;0.004,-0.422;0.004,-0.428;0.007,-0.434;0.009,-0.441;0.015,-0.453;0.024,-0.477;0.030,-0.498;0.030,-0.498;0.030,-0.498;0.030,-0.498;0.030,-0.498;0.030,-0.498;0.030,-0.498;0.030,-0.498;0.030,-0.498;0.030,-0.498;0.030,-0.498;0.030,-0.498;0.030,-0.498;0.030,-0.498;0.030,-0.498;0.030,-0.498;0.030,-0.498;0.030,-0.498;0.030,-0.498;0.030,-0.497;0.030,-0.493;0.026,-0.477;0.016,-0.454;-0.001,-0.418;-0.013,-0.382;-0.023,-0.341;-0.036,-0.314;-0.053,-0.279;-0.077,-0.230;-0.127,-0.136;-0.153,-0.087;-0.162,-0.061;-0.166,-0.041;-0.170,-0.023;-0.176,0.007;-0.181,0.032;-0.183,0.048;-0.184,0.063;-0.182,0.074;-0.169,0.094;-0.151,0.110;-0.121,0.126;-0.056,0.148;0.096,0.179;0.210,0.197;0.310,0.213;0.386,0.227;0.424,0.233;0.442,0.238;0.445,0.241;0.448,0.245;0.452,0.252;0.454,0.262;0.454,0.263;0.454,0.263;0.454,0.263",right,349592,21,F,
,,loss,high_pressure,86.5,1.0305761001072824,False,0.07194014606174094,"-0.024,-0.402;-0.024,-0.402;-0.024,-0.402;-0.024,-0.402;-0.024,-0.402;-0.024,-0.402;-0.024,-0.402;-0.024,-0.402;-0.024,-0.402;-0.024,-0.402;-0.024,-0.402;-0.024,-0.402;-0.024,-0.402;-0.024,-0.402;-0.024,-0.402;-0.024,-0.402;-0.024,-0.402;-0.024,-0.402;-0.024,-0.402;-0.024,-0.402;-0.024,-0.402;-0.024,-0.402;-0.024,-0.402;-0.024,-0.402;-0.024,-0.402;-0.026,-0.397;-0.035,-0.374;-0.052,-0.339;-0.076,-0.303;-0.107,-0.269;-0.134,-0.243;-0.158,-0.212;-0.163,-0.197;-0.168,-0.182;-0.172,-0.165;-0.174,-0.154;-0.173,-0.139;-0.167,-0.119;-0.160,-0.092;-0.153,-0.038;-0.152,-0.012;-0.152,0.004;-0.154,0.013;-0.160,0.025;-0.169,0.040;-0.179,0.058;-0.188,0.071;-0.199,0.084;-0.215,0.107;-0.233,0.133;-0.256,0.164;-0.278,0.193;-0.300,0.217;-0.304,0.220;-0.304,0.220;-0.304,0.220;-0.304,0.220;-0.304,0.220;-0.304,0.220;-0.304,0.220;-0.304,0.220;-0.304,0.220;-0.304,0.220",left,349592,21,F,
,,loss,high_pressure,92.75,0.6471243998967111,True,0.054575283219251765,"0.023,-0.442;0.023,-0.442;0.023,-0.442;0.023,-0.442;0.023,-0.442;0.023,-0.442;0.023,-0.442;0.023,-0.442;0.023,-0.442;0.023,-0.442;0.023,-0.442;0.024,-0.433;0.032,-0.401;0.042,-0.381;0.054,-0.363;0.068,-0.342;0.092,-0.304;0.108,-0.276;0.126,-0.244;0.167,-0.181;0.206,-0.123;0.242,-0.056;0.271,0.013;0.287,0.076;0.295,0.125;0.298,0.174;0.298,0.194;0.299,0.207;0.299,0.215;0.298,0.223;0.298,0.226;0.298,0.227;0.298,0.229;0.298,0.230;0.298,0.231;0.298,0.231;0.298,0.231;0.298,0.231;0.298,0.231;0.298,0.231",right,349592,21,F,
,,loss,high_pressure,89.625,0.8966425999533385,False,0.34116442830620614,"-0.007,-0.427;-0.007,-0.427;-0.007,-0.427;-0.007,-0.427;-0.007,-0.427;-0.007,-0.427;-0.007,-0.427;-0.007,-0.427;-0.007,-0.427;-0.007,-0.427;-0.007,-0.427;-0.007,-0.427;-0.007,-0.427;-0.007,-0.427;-0.007,-0.427;-0.014,-0.426;-0.043,-0.413;-0.057,-0.407;-0.097,-0.384;-0.113,-0.370;-0.124,-0.358;-0.147,-0.333;-0.176,-0.304;-0.206,-0.277;-0.228,-0.253;-0.239,-0.238;-0.249,-0.219;-0.254,-0.201;-0.255,-0.174;-0.243,-0.137;-0.191,-0.078;-0.145,-0.044;-0.097,-0.015;-0.047,0.015;0.013,0.052;0.076,0.097;0.159,0.157;0.197,0.186;0.219,0.204;0.233,0.221;0.233,0.224;0.233,0.226;0.233,0.226;0.233,0.226;0.233,0.226;0.233,0.228;0.234,0.231;0.234,0.232;0.235,0.233;0.235,0.233;0.235,0.233;0.235,0.233;0.235,0.233;0.235,0.233;0.235,0.233",right,349592,21,F,
,,loss,high_pressure,91.1875,0.7818867999594659,False,0.32531554555314063,"-0.011,-0.414;-0.011,-0.414;-0.011,-0.414;-0.011,-0.414;-0.011,-0.414;-0.011,-0.414;-0.011,-0.414;-0.011,-0.414;-0.011,-0.414;-0.011,-0.414;-0.011,-0.414;-0.011,-0.414;-0.011,-0.414;-0.011,-0.414;-0.011,-0.414;-0.011,-0.414;-0.011,-0.414;-0.011,-0.414;-0.008,-0.394;0.013,-0.318;0.046,-0.223;0.091,-0.101;0.112,-0.026;0.118,0.020;0.117,0.044;0.108,0.066;0.102,0.074;0.095,0.079;0.086,0.086;0.053,0.100;0.028,0.108;-0.071,0.136;-0.136,0.151;-0.193,0.166;-0.264,0.188;-0.284,0.196;-0.288,0.197;-0.289,0.197;-0.289,0.197;-0.289,0.197;-0.289,0.198;-0.293,0.203;-0.301,0.214;-0.308,0.227;-0.311,0.230;-0.311,0.231;-0.311,0.231;-0.312,0.232",left,349592,21,F,
,,loss,high_pressure,92.75,1.1959677999839187,True,0.12630870472334393,"0.002,-0.389;0.002,-0.389;0.002,-0.389;0.002,-0.389;0.002,-0.389;0.002,-0.389;0.002,-0.389;0.002,-0.389;0.001,-0.389;0.001,-0.389;0.001,-0.389;0.001,-0.389;0.000,-0.389;-0.001,-0.389;-0.001,-0.389;-0.002,-0.389;-0.002,-0.389;-0.002,-0.389;-0.002,-0.389;-0.002,-0.389;-0.002,-0.389;-0.002,-0.389;-0.001,-0.389;0.004,-0.383;0.007,-0.377;0.008,-0.369;0.009,-0.357;0.011,-0.336;0.008,-0.278;0.006,-0.247;0.003,-0.222;0.003,-0.201;0.002,-0.178;0.003,-0.159;0.009,-0.133;0.023,-0.106;0.036,-0.083;0.051,-0.061;0.060,-0.047;0.069,-0.031;0.083,-0.009;0.104,0.029;0.120,0.051;0.135,0.066;0.146,0.076;0.157,0.092;0.183,0.127;0.202,0.152;0.215,0.173;0.224,0.186;0.228,0.199;0.230,0.209;0.231,0.220;0.232,0.228;0.232,0.231;0.232,0.231;0.232,0.231;0.232,0.231;0.232,0.231;0.233,0.233;0.234,0.239;0.235,0.243;0.236,0.244;0.236,0.244;0.236,0.244;0.236,0.244;0.236,0.244;0.236,0.244;0.236,0.244;0.236,0.244;0.236,0.244;0.236,0.244;0.236,0.244",right,349592,21,F,
,,loss,high_pressure,91.75,1.0143579000141472,False,0.3401308055179629,"-0.017,-0.426;-0.017,-0.426;-0.017,-0.426;-0.017,-0.426;-0.017,-0.426;-0.017,-0.426;-0.017,-0.426;-0.017,-0.426;-0.017,-0.426;-0.017,-0.426;-0.017,-0.426;-0.017,-0.423;-0.020,-0.413;-0.024,-0.398;-0.027,-0.383;-0.028,-0.359;-0.028,-0.338;-0.027,-0.311;-0.022,-0.278;-0.009,-0.211;-0.002,-0.159;0.004,-0.096;0.011,-0.033;0.020,0.036;0.031,0.139;0.031,0.194;0.027,0.230;0.020,0.266;0.019,0.287;0.019,0.309;0.026,0.329;0.033,0.344;0.039,0.354;0.050,0.363;0.063,0.371;0.078,0.378;0.091,0.383;0.092,0.383;0.094,0.383;0.096,0.383;0.101,0.379;0.114,0.370;0.123,0.362;0.133,0.352;0.140,0.344;0.150,0.336;0.156,0.332;0.161,0.329;0.162,0.328;0.162,0.328;0.162,0.328;0.162,0.328;0.168,0.324;0.173,0.319;0.181,0.312;0.182,0.310;0.187,0.306;0.191,0.303;0.194,0.302;0.196,0.301;0.196,0.301;0.196,0.301",right,349592,21,F,
